scenario,param,perturbation_pct,value,unit,replicate,crowd,wall_s,steps,T_total,N0,N_end,person_time,metric,baseline_metric_same_replicate,pct_change_metric,elasticity
k_m20,k_postnorm,-20,0.8,dimensionless,1,8000,8.514,401,400,7904,399,1307162.0,564.879808,518.972672,8.845771362697116,-0.4422885681348558
k_m20,k_postnorm,-20,0.8,dimensionless,2,8000,8.253,402,400,7904,399,1312473.5,566.251809,519.700702,8.957291537389535,-0.4478645768694768
k_m20,k_postnorm,-20,0.8,dimensionless,3,8000,8.75,400,398,7904,400,1307530.55,563.526436,517.725,8.846672654401461,-0.44233363272007303
k_m10,k_postnorm,-10,0.9,dimensionless,1,8000,9.435,380,378,7904,400,1257231.2,537.262652,518.972672,3.524266495481291,-0.3524266495481291
k_m10,k_postnorm,-10,0.9,dimensionless,2,8000,8.288,379,378,7904,400,1262270.55,537.400221,519.700702,3.405713891069558,-0.34057138910695584
k_m10,k_postnorm,-10,0.9,dimensionless,3,8000,8.8,380,379,7904,400,1265882.2,538.757161,517.725,4.062419431165188,-0.40624194311651884
baseline,k_postnorm,0,1.0,dimensionless,1,8000,8.629,365,364,7904,398,1226484.8,518.972672,518.972672,0.0,
baseline,k_postnorm,0,1.0,dimensionless,2,8000,7.893,366,364,7904,399,1228287.15,519.700702,519.700702,0.0,
baseline,k_postnorm,0,1.0,dimensionless,3,8000,8.781,364,363,7904,400,1226108.0,517.725,517.725,0.0,
k_p10,k_postnorm,10,1.1,dimensionless,1,8000,8.817,354,352,7904,400,1196001.2,503.515941,518.972672,-2.9783323542708606,-0.29783323542708606
k_p10,k_postnorm,10,1.1,dimensionless,2,8000,7.858,353,352,7904,400,1197361.55,503.18805,519.700702,-3.1773387906641704,-0.31773387906641704
k_p10,k_postnorm,10,1.1,dimensionless,3,8000,7.688,351,350,7904,400,1193389.2,500.585476,517.725,-3.310545946206962,-0.3310545946206962
k_p20,k_postnorm,20,1.2,dimensionless,1,8000,8.074,345,344,7904,400,1171414.75,492.105307,518.972672,-5.177028859045589,-0.25885144295227946
k_p20,k_postnorm,20,1.2,dimensionless,2,8000,7.892,346,344,7904,399,1173499.8,492.769104,519.700702,-5.182136159592863,-0.25910680797964314
k_p20,k_postnorm,20,1.2,dimensionless,3,8000,8.537,344,342,7904,400,1170108.8,490.440081,517.725,-5.270156743444879,-0.26350783717224396
h_m20,neighborhood_length,-20,1.92,m,1,8000,7.387,298,297,7904,400,1066117.0,431.883224,518.972672,-16.781124074294226,0.8390562037147113
h_m20,neighborhood_length,-20,1.92,m,2,8000,7.597,298,297,7904,400,1064433.8,431.270268,519.700702,-17.01564644028516,0.850782322014258
h_m20,neighborhood_length,-20,1.92,m,3,8000,7.884,298,296,7904,400,1064647.1,431.097255,517.725,-16.73238591916558,0.836619295958279
h_m10,neighborhood_length,-10,2.16,m,1,8000,8.498,326,325,7904,400,1138700.0,469.066296,518.972672,-9.616378413081444,0.9616378413081443
h_m10,neighborhood_length,-10,2.16,m,2,8000,7.588,327,325,7904,400,1137477.55,469.011633,519.700702,-9.75351174338032,0.9753511743380321
h_m10,neighborhood_length,-10,2.16,m,3,8000,7.767,326,325,7904,400,1136171.2,468.346356,517.725,-9.53762016514559,0.953762016514559
baseline,neighborhood_length,0,2.4,m,1,8000,8.629,365,364,7904,398,1226484.8,518.972672,518.972672,0.0,
baseline,neighborhood_length,0,2.4,m,2,8000,7.893,366,364,7904,399,1228287.15,519.700702,519.700702,0.0,
baseline,neighborhood_length,0,2.4,m,3,8000,8.781,364,363,7904,400,1226108.0,517.725,517.725,0.0,
h_p10,neighborhood_length,10,2.64,m,1,8000,8.876,403,401,7904,399,1320246.15,568.335191,518.972672,9.511583492396305,0.9511583492396305
h_p10,neighborhood_length,10,2.64,m,2,8000,9.999,404,402,7904,400,1319109.6,569.091397,519.700702,9.503680639630934,0.9503680639630934
h_p10,neighborhood_length,10,2.64,m,3,8000,8.541,405,403,7904,400,1321592.95,570.505586,517.725,10.19471456854507,1.019471456854507
h_p20,neighborhood_length,20,2.88,m,1,8000,9.58,453,451,7904,400,1429731.65,632.187101,518.972672,21.815104167951258,1.090755208397563
h_p20,neighborhood_length,20,2.88,m,2,8000,9.703,451,450,7904,400,1432331.55,630.916036,519.700702,21.399881426367592,1.0699940713183795
h_p20,neighborhood_length,20,2.88,m,3,8000,9.467,454,452,7904,400,1428707.55,632.857534,517.725,22.238163890096086,1.1119081945048044
rho_m20,density_threshold,-20,3.2,ped_per_m2,1,8000,9.412,486,485,7904,400,1472927.7,671.152189,518.972672,29.323223593553696,-1.4661611796776848
rho_m20,density_threshold,-20,3.2,ped_per_m2,2,8000,9.577,486,485,7904,400,1475021.8,671.417131,519.700702,29.19303907347812,-1.4596519536739059
rho_m20,density_threshold,-20,3.2,ped_per_m2,3,8000,9.25,487,486,7904,400,1476067.6,672.349443,517.725,29.866134144574804,-1.4933067072287403
rho_m10,density_threshold,-10,3.6,ped_per_m2,1,8000,8.258,410,408,7904,399,1322928.05,575.4745,518.972672,10.887245330713684,-1.0887245330713684
rho_m10,density_threshold,-10,3.6,ped_per_m2,2,8000,8.353,412,411,7904,400,1323624.7,578.362639,519.700702,11.287638591644612,-1.128763859164461
rho_m10,density_threshold,-10,3.6,ped_per_m2,3,8000,9.066,408,407,7904,399,1320325.1,573.64518,517.725,10.801135738084882,-1.0801135738084882
baseline,density_threshold,0,4.0,ped_per_m2,1,8000,8.629,365,364,7904,398,1226484.8,518.972672,518.972672,0.0,
baseline,density_threshold,0,4.0,ped_per_m2,2,8000,7.893,366,364,7904,399,1228287.15,519.700702,519.700702,0.0,
baseline,density_threshold,0,4.0,ped_per_m2,3,8000,8.781,364,363,7904,400,1226108.0,517.725,517.725,0.0,
rho_p10,density_threshold,10,4.4,ped_per_m2,1,8000,7.631,341,340,7904,400,1168034.6,487.577657,518.972672,-6.049454372811369,-0.6049454372811369
rho_p10,density_threshold,10,4.4,ped_per_m2,2,8000,7.853,339,337,7904,400,1163768.55,484.337924,519.700702,-6.804450689389292,-0.6804450689389292
rho_p10,density_threshold,10,4.4,ped_per_m2,3,8000,8.191,336,334,7904,400,1162196.95,481.339088,517.725,-7.028038437394373,-0.7028038437394373
rho_p20,density_threshold,20,4.8,ped_per_m2,1,8000,8.743,323,321,7904,400,1125180.2,463.555795,518.972672,-10.678187887319046,-0.5339093943659523
rho_p20,density_threshold,20,4.8,ped_per_m2,2,8000,7.62,320,318,7904,400,1119287.6,459.810273,519.700702,-11.5240231097475,-0.5762011554873749
rho_p20,density_threshold,20,4.8,ped_per_m2,3,8000,7.792,322,320,7904,399,1122463.15,462.312038,517.725,-10.703165193877068,-0.5351582596938533
