Run_ID,steps,T_total,N0,N_end
1,911,910.0,49408,10016
2,855,854.0,49408,10007
3,862,861.0,49397,10008
4,935,934.0,49397,10005
5,898,897.0,49395,10016
6,855,854.0,49409,10002
7,901,900.0,49406,10002
8,914,913.0,49405,10012
9,862,861.0,49397,10013
10,896,895.0,49391,10016
11,849,848.0,49395,10014
12,828,827.0,49416,10015
13,879,878.0,49415,10010
14,910,909.0,49399,10016
15,891,890.0,49399,10006
16,1024,1023.0,49387,10001
17,912,911.0,49413,10000
18,857,856.0,49413,10020
19,909,908.0,49406,10017
20,861,860.0,49408,10015
21,909,908.0,49401,10011
22,882,881.0,49404,10003
23,837,836.0,49409,10015
24,932,931.0,49398,10009
25,960,959.0,49397,10001
26,959,958.0,49392,10015
27,867,866.0,49399,10013
28,889,888.0,49415,10017
29,901,900.0,49408,10007
30,903,902.0,49393,10015
31,944,943.0,49396,10009
32,907,906.0,49397,10013
33,892,891.0,49404,10012
34,926,925.0,49409,10017
35,877,876.0,49409,10024
36,918,917.0,49407,10013
37,835,834.0,49408,10010
38,934,933.0,49403,10002
39,942,941.0,49404,10018
40,898,897.0,49400,10008
41,943,942.0,49412,10008
42,901,900.0,49404,10006
43,877,876.0,49399,10015
44,915,914.0,49408,10009
45,969,968.0,49392,10009
46,890,889.0,49408,10008
47,918,917.0,49392,10001
48,919,918.0,49401,10019
49,993,992.0,49399,10004
50,860,859.0,49424,10000
51,850,849.0,49395,10006
52,895,894.0,49390,10016
53,969,968.0,49391,9997
54,933,932.0,49391,10015
55,897,896.0,49395,10007
56,842,841.0,49408,10019
57,974,973.0,49404,10006
58,883,882.0,49408,10015
59,930,929.0,49401,10007
60,892,891.0,49393,10010
61,896,895.0,49406,10006
62,969,968.0,49385,10009
63,888,887.0,49407,10001
64,882,881.0,49393,10019
65,891,890.0,49393,10001
66,874,873.0,49417,10009
67,853,852.0,49412,10001
68,847,846.0,49402,10022
69,902,901.0,49390,10018
70,959,958.0,49397,10013
71,874,873.0,49399,10011
72,870,869.0,49391,10016
73,957,956.0,49392,10006
74,868,867.0,49390,10012
75,878,877.0,49400,10006
76,847,846.0,49399,9999
77,872,871.0,49407,9999
78,904,903.0,49399,10011
79,849,848.0,49417,10012
80,818,817.0,49407,10017
81,850,849.0,49404,10018
82,884,883.0,49391,10013
83,932,931.0,49400,10008
84,937,936.0,49390,10014
85,935,934.0,49393,10002
86,852,851.0,49396,10003
87,899,898.0,49390,10017
88,871,870.0,49414,10007
89,959,958.0,49395,10013
90,876,875.0,49394,10021
91,903,902.0,49399,9995
92,900,899.0,49402,10002
93,933,932.0,49392,10002
94,893,892.0,49392,10002
95,878,877.0,49398,10008
96,843,842.0,49403,10006
97,831,830.0,49407,10009
98,854,853.0,49419,10008
99,906,905.0,49407,10017
100,899,898.0,49393,10018
101,868,867.0,49391,10001
102,891,890.0,49391,10019
103,851,850.0,49400,10000
104,891,890.0,49392,10003
105,875,874.0,49409,10012
106,894,893.0,49404,10015
107,880,879.0,49399,10014
108,900,899.0,49394,10016
109,886,885.0,49411,10014
110,884,883.0,49388,10000
111,895,894.0,49389,10020
112,866,865.0,49402,10000
113,905,904.0,49397,10001
114,930,929.0,49392,10007
115,894,893.0,49390,9997
116,863,862.0,49402,10019
117,879,878.0,49396,10005
118,970,969.0,49396,10000
119,859,858.0,49398,10005
120,838,837.0,49406,10016
121,921,920.0,49394,10006
122,863,862.0,49402,10014
123,940,939.0,49391,10001
124,842,841.0,49397,10014
125,908,907.0,49392,10016
126,902,901.0,49403,10018
127,876,875.0,49395,9999
128,882,881.0,49392,10009
129,916,915.0,49390,9999
130,847,846.0,49399,10003
131,828,827.0,49401,10000
132,843,842.0,49409,10005
133,850,849.0,49394,9999
134,849,848.0,49395,10010
135,862,861.0,49391,10004
136,897,896.0,49395,10023
137,852,851.0,49406,10015
138,833,832.0,49405,10007
139,846,845.0,49390,10008
140,889,888.0,49390,10015
141,865,864.0,49415,10001
142,892,891.0,49392,9999
143,873,872.0,49391,9997
144,892,891.0,49392,9997
145,896,895.0,49390,10021
146,900,899.0,49390,10019
147,871,870.0,49404,10016
148,844,843.0,49393,10014
149,946,945.0,49392,10001
150,864,863.0,49401,10001
151,883,882.0,49388,10020
152,860,859.0,49389,10005
153,853,852.0,49400,10013
154,891,890.0,49392,10000
155,838,837.0,49401,10013
156,861,860.0,49399,10017
157,903,902.0,49392,10013
158,869,868.0,49394,10007
159,850,849.0,49399,10024
160,857,856.0,49391,10007
161,862,861.0,49394,10002
162,847,846.0,49391,10022
163,867,866.0,49396,10017
164,929,928.0,49386,10006
165,900,899.0,49397,10019
166,884,883.0,49387,10009
167,889,888.0,49402,10005
168,891,890.0,49389,10025
169,927,926.0,49393,10017
170,862,861.0,49397,10017
171,875,874.0,49397,10014
172,876,875.0,49389,10017
173,867,866.0,49392,10010
174,850,849.0,49395,10016
175,939,938.0,49391,10000
176,855,854.0,49406,10001
177,885,884.0,49399,10004
178,903,902.0,49390,10000
179,881,880.0,49394,10009
180,844,843.0,49394,10004
181,861,860.0,49392,10008
182,868,867.0,49396,10013
183,963,962.0,49391,9999
184,865,864.0,49391,10022
185,868,867.0,49400,10024
186,891,890.0,49391,10001
187,891,890.0,49393,10013
188,855,854.0,49394,10005
189,894,893.0,49393,10003
190,854,853.0,49407,10006
191,858,857.0,49392,10021
192,872,871.0,49385,10012
193,877,876.0,49395,10001
194,880,879.0,49391,10015
195,892,891.0,49396,10019
196,881,880.0,49392,10005
197,878,877.0,49395,10012
198,895,894.0,49393,10005
199,854,853.0,49391,10000
200,878,877.0,49391,10005
201,872,871.0,49386,10014
202,866,865.0,49391,10007
203,891,890.0,49393,9999
204,833,832.0,49391,10005
205,876,875.0,49391,10012
206,877,876.0,49391,10012
207,848,847.0,49406,10002
208,883,882.0,49392,10018
209,923,922.0,49389,10008
210,892,891.0,49391,10014
211,847,846.0,49391,9999
212,895,894.0,49392,10000
213,866,865.0,49388,10005
214,865,864.0,49396,10012
215,881,880.0,49393,10010
216,862,861.0,49393,10010
217,852,851.0,49399,10017
218,918,917.0,49392,10005
219,866,865.0,49392,10007
220,838,837.0,49401,10021
221,878,877.0,49392,10003
222,901,900.0,49384,10005
223,928,927.0,49385,10007
224,871,870.0,49393,10001
225,876,875.0,49389,10008
226,863,862.0,49397,10006
227,865,864.0,49391,9997
228,844,843.0,49395,10004
229,876,875.0,49394,9999
230,909,908.0,49390,10011
231,836,835.0,49393,10014
232,860,859.0,49389,10001
233,928,927.0,49386,10020
234,877,876.0,49392,10018
235,882,881.0,49391,10007
236,878,877.0,49392,10010
237,890,889.0,49393,10022
238,889,888.0,49392,9997
239,853,852.0,49394,10008
240,895,894.0,49389,10020
241,848,847.0,49391,10014
242,894,893.0,49392,10017
243,836,835.0,49397,10015
244,875,874.0,49391,10017
245,873,872.0,49392,10016
246,848,847.0,49397,10008
247,866,865.0,49393,10018
248,862,861.0,49390,10016
249,866,865.0,49393,10025
250,847,846.0,49393,10018
251,871,870.0,49386,10006
252,901,900.0,49382,10002
253,893,892.0,49392,10012
254,858,857.0,49395,10002
255,839,838.0,49392,10017
256,900,899.0,49383,10015
257,897,896.0,49393,9999
258,872,871.0,49391,10001
259,860,859.0,49393,10006
260,860,859.0,49393,10017
261,898,897.0,49382,10007
262,875,874.0,49395,10016
263,910,909.0,49384,10015
264,932,931.0,49385,10002
265,846,845.0,49393,10016
266,871,870.0,49386,10004
267,893,892.0,49394,10016
268,876,875.0,49392,10023
269,871,870.0,49391,10018
270,871,870.0,49386,10008
271,907,906.0,49386,10007
272,867,866.0,49390,10009
273,889,888.0,49392,10000
274,894,893.0,49393,10016
275,890,889.0,49390,10021
276,861,860.0,49393,10003
277,903,902.0,49384,9998
278,851,850.0,49401,10021
279,869,868.0,49390,10003
280,886,885.0,49387,9997
281,879,878.0,49391,10003
282,854,853.0,49393,10009
283,851,850.0,49412,10008
284,853,852.0,49392,10004
285,872,871.0,49391,9998
286,877,876.0,49391,10003
287,873,872.0,49391,10019
288,857,856.0,49393,10005
289,874,873.0,49392,10008
290,897,896.0,49385,10015
291,862,861.0,49392,10003
292,870,869.0,49391,10004
293,902,901.0,49392,10013
294,888,887.0,49398,10010
295,884,883.0,49386,10019
296,879,878.0,49391,10006
297,865,864.0,49389,10015
298,866,865.0,49392,10009
299,832,831.0,49402,10019
300,878,877.0,49392,10022
301,871,870.0,49386,10010
302,871,870.0,49387,10014
303,870,869.0,49392,10001
304,858,857.0,49393,10021
305,871,870.0,49385,10002
306,884,883.0,49382,10017
307,831,830.0,49400,10006
308,874,873.0,49390,10014
309,927,926.0,49390,10012
310,863,862.0,49387,10017
311,864,863.0,49387,10000
312,873,872.0,49389,10019
313,863,862.0,49392,10007
314,868,867.0,49395,10010
315,900,899.0,49392,10004
316,899,898.0,49389,10011
317,868,867.0,49389,10019
318,868,867.0,49390,10012
319,868,867.0,49391,10011
320,921,920.0,49383,10018
321,931,930.0,49384,10009
322,890,889.0,49393,10003
323,907,906.0,49390,10011
324,878,877.0,49390,10000
325,877,876.0,49391,10006
326,898,897.0,49392,10016
327,903,902.0,49382,10000
328,893,892.0,49394,10004
329,871,870.0,49386,10005
330,901,900.0,49389,10018
331,866,865.0,49392,10016
332,899,898.0,49384,10002
333,871,870.0,49386,10014
334,867,866.0,49394,10009
335,898,897.0,49387,10002
336,925,924.0,49383,10012
337,872,871.0,49385,10009
338,880,879.0,49392,10012
339,888,887.0,49388,9999
340,884,883.0,49385,10002
341,871,870.0,49388,10007
342,877,876.0,49391,10013
343,879,878.0,49392,10008
344,887,886.0,49384,10001
345,852,851.0,49392,10015
346,872,871.0,49393,10009
347,860,859.0,49390,10020
348,871,870.0,49391,10019
349,881,880.0,49389,10002
350,852,851.0,49392,10005
351,883,882.0,49383,9999
352,863,862.0,49388,10008
353,871,870.0,49392,10002
354,871,870.0,49386,10012
355,836,835.0,49395,10002
356,897,896.0,49387,10013
357,851,850.0,49387,10021
358,899,898.0,49385,10013
359,846,845.0,49392,10019
360,890,889.0,49389,10000
361,882,881.0,49391,10014
362,889,888.0,49390,10002
363,853,852.0,49393,10008
364,924,923.0,49383,10015
365,860,859.0,49400,10013
366,897,896.0,49390,10003
367,882,881.0,49385,10004
368,864,863.0,49388,10012
369,852,851.0,49393,10017
370,869,868.0,49392,10019
371,942,941.0,49389,10003
372,910,909.0,49391,10000
373,851,850.0,49392,10011
374,885,884.0,49385,10003
375,894,893.0,49385,10012
376,874,873.0,49383,10000
377,883,882.0,49383,10019
378,895,894.0,49390,10012
379,896,895.0,49385,9999
380,894,893.0,49389,9999
381,882,881.0,49392,10019
382,876,875.0,49382,10004
383,933,932.0,49390,10014
384,917,916.0,49387,10006
385,848,847.0,49391,10021
386,895,894.0,49389,9999
387,872,871.0,49389,10016
388,865,864.0,49392,10018
389,885,884.0,49383,10014
390,876,875.0,49390,10014
391,858,857.0,49396,10022
392,874,873.0,49388,10021
393,837,836.0,49394,10001
394,876,875.0,49390,10003
395,864,863.0,49389,10003
396,861,860.0,49392,10012
397,876,875.0,49386,10005
398,886,885.0,49393,9999
399,862,861.0,49389,10015
400,863,862.0,49389,10007
401,880,879.0,49385,10016
402,876,875.0,49382,10004
403,849,848.0,49394,10021
404,849,848.0,49390,10015
405,935,934.0,49392,10001
406,909,908.0,49393,10016
407,878,877.0,49386,10020
408,879,878.0,49391,10006
409,870,869.0,49393,10027
410,880,879.0,49385,10012
411,885,884.0,49389,9999
412,846,845.0,49393,10016
413,860,859.0,49392,10014
414,871,870.0,49384,10016
415,844,843.0,49389,10023
416,882,881.0,49392,10005
417,874,873.0,49391,10006
418,883,882.0,49382,10017
419,876,875.0,49391,10004
420,882,881.0,49383,10000
421,877,876.0,49388,10014
422,879,878.0,49392,10019
423,898,897.0,49388,10022
424,902,901.0,49391,9999
425,862,861.0,49389,10016
426,856,855.0,49392,9999
427,894,893.0,49389,10012
428,872,871.0,49386,10010
429,876,875.0,49383,10010
430,900,899.0,49390,10007
431,871,870.0,49386,10008
432,894,893.0,49387,10019
433,867,866.0,49394,10016
434,858,857.0,49392,10009
435,872,871.0,49391,10008
436,930,929.0,49396,9999
437,897,896.0,49384,10010
438,876,875.0,49383,10003
439,896,895.0,49394,10003
440,884,883.0,49387,10011
441,899,898.0,49385,10001
442,883,882.0,49383,10022
443,906,905.0,49392,10006
444,864,863.0,49387,10002
445,921,920.0,49386,10011
446,882,881.0,49385,10016
447,869,868.0,49386,10009
448,863,862.0,49391,10013
449,878,877.0,49385,10001
450,877,876.0,49391,10009
451,881,880.0,49384,10007
452,880,879.0,49384,10022
453,888,887.0,49389,10022
454,894,893.0,49388,10019
455,881,880.0,49389,10018
456,851,850.0,49389,10016
457,885,884.0,49391,10002
458,915,914.0,49383,10002
459,868,867.0,49383,10001
460,925,924.0,49391,10015
461,907,906.0,49384,10013
462,912,911.0,49387,10010
463,907,906.0,49387,10004
464,849,848.0,49390,10004
465,889,888.0,49385,10021
466,880,879.0,49391,10014
467,881,880.0,49385,10001
468,862,861.0,49386,10017
469,876,875.0,49382,10018
470,859,858.0,49395,10021
471,863,862.0,49390,10016
472,859,858.0,49390,10017
473,852,851.0,49393,10005
474,905,904.0,49382,10011
475,851,850.0,49393,10017
476,896,895.0,49385,10014
477,849,848.0,49388,10009
478,893,892.0,49387,10000
479,874,873.0,49390,10005
480,881,880.0,49382,10003
481,866,865.0,49390,10021
482,877,876.0,49383,10004
483,878,877.0,49387,10004
484,860,859.0,49387,10005
485,858,857.0,49394,10013
486,898,897.0,49384,10001
487,851,850.0,49392,9997
488,845,844.0,49391,10015
489,859,858.0,49394,10001
490,875,874.0,49385,10005
491,890,889.0,49387,10012
492,900,899.0,49385,10000
493,890,889.0,49381,10009
494,863,862.0,49386,10019
495,889,888.0,49383,10001
496,847,846.0,49392,10021
497,889,888.0,49391,10018
498,878,877.0,49394,10008
499,864,863.0,49386,10017
500,883,882.0,49385,10019
501,888,887.0,49382,10003
502,881,880.0,49384,10000
503,868,867.0,49385,10011
504,861,860.0,49391,10007
505,908,907.0,49393,10011
506,895,894.0,49385,10004
507,881,880.0,49387,10010
508,867,866.0,49392,10019
509,882,881.0,49395,10013
510,939,938.0,49383,9999
511,913,912.0,49392,10002
512,851,850.0,49392,10016
513,868,867.0,49386,10012
514,893,892.0,49387,10007
515,878,877.0,49384,10010
516,875,874.0,49392,10001
517,885,884.0,49384,10006
518,869,868.0,49393,10013
519,889,888.0,49381,10007
520,882,881.0,49384,10008
521,869,868.0,49383,10017
522,867,866.0,49385,9999
523,878,877.0,49388,10006
524,878,877.0,49391,10002
525,851,850.0,49391,10003
526,912,911.0,49386,10008
527,887,886.0,49385,10014
528,883,882.0,49383,10000
529,870,869.0,49393,10009
530,893,892.0,49392,10007
531,875,874.0,49386,10005
532,876,875.0,49382,10008
533,880,879.0,49389,10005
534,859,858.0,49387,10009
535,878,877.0,49384,10010
536,849,848.0,49390,10021
537,883,882.0,49387,10009
538,907,906.0,49390,10008
539,889,888.0,49385,10008
540,887,886.0,49383,10016
541,834,833.0,49388,10014
542,843,842.0,49395,10016
543,855,854.0,49391,10008
544,887,886.0,49383,10011
545,887,886.0,49392,10017
546,876,875.0,49388,10002
547,864,863.0,49389,10003
548,849,848.0,49390,10022
549,883,882.0,49391,10011
550,889,888.0,49381,10011
551,890,889.0,49382,10006
552,888,887.0,49382,10011
553,900,899.0,49389,10006
554,877,876.0,49389,10000
555,880,879.0,49390,10000
556,877,876.0,49384,10007
557,849,848.0,49391,10000
558,875,874.0,49391,10001
559,887,886.0,49385,10004
560,871,870.0,49385,10010
561,912,911.0,49393,10003
562,866,865.0,49383,10011
563,882,881.0,49386,9999
564,911,910.0,49384,10001
565,945,944.0,49378,10004
566,882,881.0,49383,10003
567,876,875.0,49393,10021
568,889,888.0,49384,10001
569,886,885.0,49384,9999
570,883,882.0,49391,10000
571,861,860.0,49393,10017
572,880,879.0,49382,10000
573,890,889.0,49395,10002
574,867,866.0,49383,10018
575,910,909.0,49390,10013
576,878,877.0,49381,9999
577,932,931.0,49388,10001
578,872,871.0,49394,10014
579,886,885.0,49392,10013
580,922,921.0,49388,10010
581,853,852.0,49391,10016
582,893,892.0,49387,10002
583,943,942.0,49381,10007
584,859,858.0,49388,10011
585,888,887.0,49385,9997
586,879,878.0,49386,10007
587,876,875.0,49386,10006
588,893,892.0,49389,10007
589,844,843.0,49391,10010
590,881,880.0,49392,10015
591,865,864.0,49392,10020
592,881,880.0,49384,10012
593,944,943.0,49378,10013
594,890,889.0,49384,10006
595,870,869.0,49390,10002
596,921,920.0,49387,10019
597,882,881.0,49384,10022
598,873,872.0,49390,10013
599,882,881.0,49381,10018
600,870,869.0,49385,10007
601,888,887.0,49382,10007
602,888,887.0,49382,10015
603,889,888.0,49387,10016
604,896,895.0,49388,10008
605,863,862.0,49388,10008
606,888,887.0,49385,10014
607,886,885.0,49387,10008
608,895,894.0,49382,10018
609,868,867.0,49386,10010
610,877,876.0,49392,10000
611,881,880.0,49385,10013
612,875,874.0,49390,10004
613,870,869.0,49385,10012
614,869,868.0,49390,10006
615,902,901.0,49384,10007
616,866,865.0,49387,10019
617,866,865.0,49395,10003
618,900,899.0,49394,10014
619,884,883.0,49384,9999
620,877,876.0,49382,10016
621,910,909.0,49391,10009
622,912,911.0,49382,10000
623,887,886.0,49384,10023
624,874,873.0,49384,10014
625,862,861.0,49388,10008
626,882,881.0,49391,10000
627,842,841.0,49392,10003
628,882,881.0,49383,10009
629,890,889.0,49389,10019
630,904,903.0,49385,9999
631,884,883.0,49395,10001
632,886,885.0,49385,10006
633,884,883.0,49381,10000
634,870,869.0,49386,10013
635,884,883.0,49393,10012
636,868,867.0,49389,10016
637,841,840.0,49392,9998
638,881,880.0,49390,9999
639,889,888.0,49382,10012
640,880,879.0,49384,10007
641,887,886.0,49385,9997
642,890,889.0,49383,10011
643,922,921.0,49384,10014
644,929,928.0,49385,10014
645,893,892.0,49387,10014
646,938,937.0,49384,10002
647,883,882.0,49390,10009
648,868,867.0,49394,10006
649,873,872.0,49388,10000
650,885,884.0,49384,9998
651,889,888.0,49383,10008
652,889,888.0,49385,10016
653,861,860.0,49386,10011
654,868,867.0,49389,10005
655,881,880.0,49382,10016
656,889,888.0,49391,10003
657,885,884.0,49383,10015
658,872,871.0,49388,10004
659,890,889.0,49382,10006
660,888,887.0,49382,10002
661,863,862.0,49391,10000
662,876,875.0,49382,10020
663,865,864.0,49394,10012
664,896,895.0,49384,10006
665,884,883.0,49383,10007
666,893,892.0,49391,10009
667,914,913.0,49377,10016
668,885,884.0,49391,10002
669,878,877.0,49383,10003
670,881,880.0,49388,10005
671,875,874.0,49392,10015
672,859,858.0,49386,10006
673,888,887.0,49383,10000
674,878,877.0,49389,10007
675,886,885.0,49385,10007
676,857,856.0,49394,10000
677,853,852.0,49393,10014
678,886,885.0,49384,10012
679,875,874.0,49385,10018
680,890,889.0,49382,10010
681,875,874.0,49384,10006
682,881,880.0,49383,10018
683,871,870.0,49385,10001
684,896,895.0,49387,10000
685,886,885.0,49384,10004
686,866,865.0,49389,10003
687,864,863.0,49385,9999
688,872,871.0,49386,10003
689,876,875.0,49386,10001
690,887,886.0,49385,10020
691,868,867.0,49392,10003
692,868,867.0,49383,10017
693,904,903.0,49394,10006
694,892,891.0,49384,10007
695,893,892.0,49391,9996
696,890,889.0,49388,10007
697,891,890.0,49383,10004
698,953,952.0,49386,10006
699,890,889.0,49382,10014
700,887,886.0,49392,10007
701,890,889.0,49381,10013
702,888,887.0,49383,10019
703,885,884.0,49385,10016
704,911,910.0,49382,10002
705,889,888.0,49382,10003
706,903,902.0,49385,10004
707,889,888.0,49382,10008
708,875,874.0,49393,10011
709,874,873.0,49384,10007
710,875,874.0,49391,10013
711,882,881.0,49387,10002
712,883,882.0,49385,9999
713,862,861.0,49387,10011
714,907,906.0,49391,10004
715,888,887.0,49389,10000
716,894,893.0,49385,10013
717,879,878.0,49389,10008
718,891,890.0,49389,10012
719,856,855.0,49388,10014
720,882,881.0,49384,10001
721,876,875.0,49385,10004
722,902,901.0,49381,10003
723,874,873.0,49386,10012
724,885,884.0,49383,10002
725,852,851.0,49394,10007
726,887,886.0,49385,10015
727,928,927.0,49384,10003
728,867,866.0,49385,10000
729,875,874.0,49385,10009
730,874,873.0,49392,10001
731,882,881.0,49389,9997
732,874,873.0,49384,10008
733,868,867.0,49386,9997
734,970,969.0,49385,10017
735,876,875.0,49388,10010
736,871,870.0,49387,10010
737,881,880.0,49390,10017
738,907,906.0,49390,10000
739,905,904.0,49386,10001
740,897,896.0,49384,10007
741,888,887.0,49384,10006
742,900,899.0,49385,10009
743,876,875.0,49384,10016
744,890,889.0,49393,10002
745,914,913.0,49379,10006
746,874,873.0,49387,10002
747,855,854.0,49392,9999
748,889,888.0,49382,10023
749,891,890.0,49386,10006
750,876,875.0,49383,10011
751,901,900.0,49379,10013
752,888,887.0,49384,10010
753,863,862.0,49391,10016
754,881,880.0,49391,10016
755,958,957.0,49381,10001
756,861,860.0,49393,10018
757,929,928.0,49385,10009
758,944,943.0,49378,10004
759,870,869.0,49392,10007
760,888,887.0,49382,10018
761,876,875.0,49387,10007
762,889,888.0,49382,10004
763,889,888.0,49382,10013
764,902,901.0,49381,10002
765,868,867.0,49383,10001
766,875,874.0,49384,10018
767,902,901.0,49394,10000
768,889,888.0,49390,10009
769,885,884.0,49382,10011
770,891,890.0,49385,10007
771,904,903.0,49383,9999
772,865,864.0,49384,10001
773,903,902.0,49383,10013
774,888,887.0,49382,10009
775,866,865.0,49388,10008
776,877,876.0,49384,10016
777,876,875.0,49385,10019
778,841,840.0,49389,10010
779,865,864.0,49384,10005
780,890,889.0,49383,10006
781,901,900.0,49380,10008
782,849,848.0,49391,10013
783,889,888.0,49382,10005
784,883,882.0,49386,10007
785,924,923.0,49385,10008
786,888,887.0,49381,10004
787,888,887.0,49384,10009
788,883,882.0,49392,10004
789,865,864.0,49384,10007
790,878,877.0,49386,9999
791,901,900.0,49380,9997
792,908,907.0,49382,10010
793,889,888.0,49381,10012
794,892,891.0,49390,10018
795,861,860.0,49387,10007
796,888,887.0,49383,10011
797,882,881.0,49383,9996
798,893,892.0,49383,10019
799,875,874.0,49385,10012
800,898,897.0,49388,10008
801,902,901.0,49380,9999
802,900,899.0,49381,10016
803,870,869.0,49394,10014
804,876,875.0,49386,10005
805,915,914.0,49378,10002
806,914,913.0,49379,10007
807,889,888.0,49383,10020
808,865,864.0,49384,10005
809,878,877.0,49390,10012
810,857,856.0,49384,10013
811,899,898.0,49380,10015
812,902,901.0,49380,10015
813,890,889.0,49385,10018
814,890,889.0,49382,10002
815,883,882.0,49387,9999
816,881,880.0,49385,10017
817,880,879.0,49391,10014
818,854,853.0,49392,10010
819,889,888.0,49384,10001
820,892,891.0,49383,10006
821,875,874.0,49384,9999
822,876,875.0,49387,10000
823,863,862.0,49393,10017
824,896,895.0,49382,10000
825,914,913.0,49389,10014
826,900,899.0,49380,10014
827,875,874.0,49386,10016
828,894,893.0,49386,10015
829,887,886.0,49383,10006
830,885,884.0,49382,10010
831,929,928.0,49390,10017
832,881,880.0,49384,10003
833,886,885.0,49382,10012
834,856,855.0,49390,10014
835,914,913.0,49378,9998
836,890,889.0,49382,10005
837,851,850.0,49391,10006
838,860,859.0,49385,10011
839,894,893.0,49392,10017
840,912,911.0,49383,10007
841,903,902.0,49390,10009
842,892,891.0,49385,10004
843,880,879.0,49385,10013
844,883,882.0,49385,10011
845,893,892.0,49391,10003
846,900,899.0,49389,10010
847,883,882.0,49386,10009
848,872,871.0,49382,10006
849,882,881.0,49385,10020
850,888,887.0,49382,10007
851,901,900.0,49380,10011
852,901,900.0,49379,10007
853,891,890.0,49385,10000
854,901,900.0,49380,10016
855,901,900.0,49382,10015
856,898,897.0,49386,10014
857,889,888.0,49381,10011
858,860,859.0,49397,10000
859,905,904.0,49386,10012
860,890,889.0,49387,10008
861,903,902.0,49384,10004
862,889,888.0,49386,10013
863,874,873.0,49384,10005
864,889,888.0,49383,10001
865,901,900.0,49379,10004
866,876,875.0,49385,10003
867,892,891.0,49387,10015
868,877,876.0,49394,9997
869,894,893.0,49387,10007
870,889,888.0,49384,10004
871,902,901.0,49381,10009
872,894,893.0,49387,10002
873,861,860.0,49383,10006
874,912,911.0,49387,10021
875,870,869.0,49387,10006
876,911,910.0,49383,10004
877,885,884.0,49382,10017
878,879,878.0,49383,10003
879,899,898.0,49382,10010
880,895,894.0,49385,10015
881,889,888.0,49384,10000
882,874,873.0,49385,10010
883,894,893.0,49385,10016
884,889,888.0,49383,10006
885,888,887.0,49386,10011
886,883,882.0,49384,10002
887,864,863.0,49392,10015
888,900,899.0,49381,10010
889,894,893.0,49382,10012
890,913,912.0,49378,10013
891,885,884.0,49382,10016
892,891,890.0,49386,10021
893,885,884.0,49385,10013
894,886,885.0,49386,10006
895,902,901.0,49380,10007
896,883,882.0,49387,10008
897,888,887.0,49384,10015
898,887,886.0,49389,10016
899,889,888.0,49383,10013
900,885,884.0,49384,10005
901,901,900.0,49380,10004
902,900,899.0,49380,10002
903,892,891.0,49394,9999
904,876,875.0,49385,10004
905,900,899.0,49381,10018
906,888,887.0,49383,10009
907,930,929.0,49384,10005
908,883,882.0,49383,10013
909,901,900.0,49390,10009
910,976,975.0,49381,10020
911,888,887.0,49383,10020
912,882,881.0,49387,10013
913,889,888.0,49383,10003
914,888,887.0,49382,10017
915,963,962.0,49383,10012
916,879,878.0,49387,10005
917,869,868.0,49388,10001
918,918,917.0,49383,10018
919,917,916.0,49386,10005
920,944,943.0,49380,10004
921,921,920.0,49381,10004
922,884,883.0,49385,10015
923,889,888.0,49387,10009
924,890,889.0,49390,10009
925,877,876.0,49392,10007
926,889,888.0,49382,10017
927,881,880.0,49383,10008
928,945,944.0,49377,10002
929,890,889.0,49382,10008
930,901,900.0,49380,10018
931,889,888.0,49383,10010
932,902,901.0,49380,10001
933,901,900.0,49387,10004
934,902,901.0,49381,10003
935,863,862.0,49385,9999
936,914,913.0,49378,10012
937,877,876.0,49384,9996
938,895,894.0,49387,10008
939,993,992.0,49381,10009
940,895,894.0,49386,10006
941,894,893.0,49388,10007
942,976,975.0,49392,10002
943,901,900.0,49379,10006
944,891,890.0,49387,10013
945,906,905.0,49384,10001
946,893,892.0,49384,10017
947,866,865.0,49395,10015
948,896,895.0,49383,10016
949,885,884.0,49386,10008
950,886,885.0,49386,10010
951,901,900.0,49380,10001
952,901,900.0,49381,10004
953,953,952.0,49380,10004
954,955,954.0,49384,10017
955,901,900.0,49384,10000
956,900,899.0,49380,10015
957,892,891.0,49388,10007
958,882,881.0,49389,10021
959,873,872.0,49390,10012
960,910,909.0,49389,10013
961,915,914.0,49378,10014
962,868,867.0,49387,10007
963,888,887.0,49385,10013
964,878,877.0,49385,10004
965,914,913.0,49383,10017
966,887,886.0,49387,10008
967,879,878.0,49387,10000
968,887,886.0,49396,10001
969,848,847.0,49390,10021
970,921,920.0,49385,10003
971,874,873.0,49383,10009
972,921,920.0,49385,10005
973,924,923.0,49380,10008
974,883,882.0,49382,10007
975,917,916.0,49385,10014
976,878,877.0,49389,10015
977,891,890.0,49387,10007
978,885,884.0,49390,10005
979,899,898.0,49380,10020
980,860,859.0,49391,10008
981,875,874.0,49383,10002
982,912,911.0,49387,10010
983,890,889.0,49386,10005
984,890,889.0,49386,10014
985,875,874.0,49389,10017
986,858,857.0,49393,10011
987,890,889.0,49386,10005
988,888,887.0,49383,9999
989,901,900.0,49383,10013
990,894,893.0,49385,9997
991,915,914.0,49381,10016
992,899,898.0,49382,10000
993,894,893.0,49387,10003
994,883,882.0,49387,10018
995,896,895.0,49386,10012
996,923,922.0,49379,10012
997,896,895.0,49387,10009
998,897,896.0,49382,10017
999,880,879.0,49386,10011
1000,889,888.0,49385,10014
1001,902,901.0,49379,10004
1002,900,899.0,49379,10020
1003,861,860.0,49384,10006
1004,894,893.0,49392,10016
1005,863,862.0,49395,9999
1006,885,884.0,49384,10014
1007,888,887.0,49383,10007
1008,894,893.0,49387,10013
1009,857,856.0,49394,10021
1010,902,901.0,49381,10009
1011,880,879.0,49387,10004
1012,901,900.0,49380,10011
1013,881,880.0,49389,10012
1014,888,887.0,49383,10005
1015,878,877.0,49388,10017
1016,907,906.0,49381,10013
1017,900,899.0,49380,10013
1018,924,923.0,49377,10008
1019,945,944.0,49384,10017
1020,894,893.0,49387,10007
1021,899,898.0,49379,10015
1022,884,883.0,49386,9999
1023,897,896.0,49385,10002
1024,883,882.0,49384,10014
1025,912,911.0,49383,10022
1026,901,900.0,49380,10012
1027,900,899.0,49380,10016
1028,907,906.0,49385,10013
1029,892,891.0,49385,10003
1030,885,884.0,49385,10000
1031,894,893.0,49384,10015
1032,883,882.0,49384,10018
1033,951,950.0,49377,10000
1034,914,913.0,49383,10011
1035,875,874.0,49384,10016
1036,909,908.0,49391,10000
1037,888,887.0,49386,10004
1038,905,904.0,49389,10005
1039,892,891.0,49388,10014
1040,889,888.0,49383,9997
1041,879,878.0,49394,10009
1042,902,901.0,49384,10008
1043,895,894.0,49384,10004
1044,870,869.0,49384,10000
1045,868,867.0,49386,10009
1046,913,912.0,49385,10010
1047,914,913.0,49378,10003
1048,871,870.0,49383,10006
1049,929,928.0,49382,10002
1050,870,869.0,49390,10024
1051,901,900.0,49381,10020
1052,902,901.0,49381,9999
1053,908,907.0,49387,10000
1054,888,887.0,49388,10010
1055,898,897.0,49381,10001
1056,947,946.0,49377,10005
1057,902,901.0,49380,9999
1058,876,875.0,49386,10011
1059,889,888.0,49383,10015
1060,889,888.0,49386,10017
1061,902,901.0,49380,10002
1062,906,905.0,49387,10009
1063,890,889.0,49386,10004
1064,897,896.0,49386,10006
1065,883,882.0,49385,10009
1066,901,900.0,49380,10006
1067,957,956.0,49384,10001
1068,922,921.0,49378,10004
1069,877,876.0,49390,10020
1070,904,903.0,49388,10006
1071,901,900.0,49379,10016
1072,878,877.0,49388,10010
1073,909,908.0,49391,10020
1074,859,858.0,49388,10018
1075,941,940.0,49382,10017
1076,913,912.0,49385,10004
1077,903,902.0,49393,10013
1078,869,868.0,49388,10013
1079,918,917.0,49382,10004
1080,889,888.0,49383,10001
1081,895,894.0,49384,9998
1082,906,905.0,49384,10009
1083,893,892.0,49388,10012
1084,888,887.0,49384,10012
1085,875,874.0,49386,10018
1086,873,872.0,49396,10011
1087,883,882.0,49388,10005
1088,945,944.0,49383,10006
1089,918,917.0,49385,10010
1090,868,867.0,49390,10017
1091,937,936.0,49385,10014
1092,852,851.0,49392,10001
1093,892,891.0,49385,10000
1094,909,908.0,49382,10020
1095,871,870.0,49389,9999
1096,934,933.0,49386,10012
1097,888,887.0,49384,10016
1098,902,901.0,49380,10003
1099,873,872.0,49392,10000
1100,913,912.0,49380,10011
1101,901,900.0,49381,10008
1102,901,900.0,49380,10011
1103,895,894.0,49385,10019
1104,902,901.0,49382,10005
1105,889,888.0,49383,10005
1106,912,911.0,49386,10004
1107,941,940.0,49377,10012
1108,852,851.0,49394,10016
1109,895,894.0,49386,10000
1110,913,912.0,49392,10015
1111,902,901.0,49380,10012
1112,923,922.0,49380,10007
1113,877,876.0,49384,10002
1114,902,901.0,49384,10004
1115,883,882.0,49384,10015
1116,897,896.0,49384,10004
1117,880,879.0,49382,10003
1118,869,868.0,49386,10024
1119,889,888.0,49393,10013
1120,950,949.0,49377,10017
1121,880,879.0,49384,10018
1122,917,916.0,49386,10006
1123,944,943.0,49385,10008
1124,887,886.0,49383,10019
1125,915,914.0,49386,10004
1126,1010,1009.0,49381,10011
1127,913,912.0,49385,10002
1128,889,888.0,49386,10006
1129,889,888.0,49383,9999
1130,900,899.0,49381,10014
1131,883,882.0,49387,9998
1132,901,900.0,49380,10006
1133,874,873.0,49391,10019
1134,886,885.0,49392,10002
1135,876,875.0,49385,10011
1136,890,889.0,49395,10015
1137,902,901.0,49381,10008
1138,877,876.0,49392,10016
1139,927,926.0,49382,10015
1140,844,843.0,49392,10017
1141,889,888.0,49393,10004
1142,863,862.0,49389,10017
1143,935,934.0,49381,9997
1144,933,932.0,49379,9999
1145,923,922.0,49380,10003
1146,884,883.0,49385,10007
1147,898,897.0,49385,9999
1148,879,878.0,49387,10015
1149,886,885.0,49386,10000
1150,884,883.0,49387,10010
1151,902,901.0,49379,10007
1152,902,901.0,49380,10010
1153,883,882.0,49384,10013
1154,907,906.0,49386,10015
1155,889,888.0,49385,10005
1156,897,896.0,49377,10010
1157,935,934.0,49381,10008
1158,881,880.0,49386,10013
1159,901,900.0,49381,10000
1160,901,900.0,49381,10010
1161,871,870.0,49386,10019
1162,932,931.0,49380,10019
1163,869,868.0,49393,10016
1164,829,828.0,49390,10024
1165,881,880.0,49384,10013
1166,901,900.0,49385,9999
1167,893,892.0,49384,10015
1168,867,866.0,49385,10005
1169,950,949.0,49386,10017
1170,900,899.0,49380,10017
1171,912,911.0,49391,10016
1172,884,883.0,49385,10015
1173,928,927.0,49385,10007
1174,887,886.0,49385,10004
1175,902,901.0,49391,10005
1176,903,902.0,49378,10005
1177,895,894.0,49383,10000
1178,896,895.0,49384,10014
1179,933,932.0,49381,10017
1180,924,923.0,49379,10012
1181,909,908.0,49379,10020
1182,877,876.0,49383,10007
1183,924,923.0,49380,10001
1184,901,900.0,49380,10019
1185,916,915.0,49387,10013
1186,923,922.0,49380,10007
1187,942,941.0,49383,10015
1188,906,905.0,49386,10008
1189,938,937.0,49385,10010
1190,894,893.0,49383,10004
1191,889,888.0,49385,10004
1192,880,879.0,49387,10007
1193,887,886.0,49384,10018
1194,886,885.0,49393,10011
1195,906,905.0,49387,10003
1196,897,896.0,49385,10009
1197,903,902.0,49379,10015
1198,882,881.0,49391,10014
1199,910,909.0,49382,10010
1200,903,902.0,49379,10010
1201,901,900.0,49380,10020
1202,900,899.0,49381,10004
1203,928,927.0,49380,10019
1204,900,899.0,49380,10013
1205,876,875.0,49384,10008
1206,901,900.0,49379,10000
1207,900,899.0,49380,10017
1208,901,900.0,49381,10014
1209,871,870.0,49384,10019
1210,901,900.0,49380,10008
1211,938,937.0,49385,10009
1212,902,901.0,49382,10009
1213,901,900.0,49385,10004
1214,992,991.0,49377,10000
1215,907,906.0,49390,10017
1216,918,917.0,49389,10013
1217,897,896.0,49385,10009
1218,881,880.0,49386,10002
1219,893,892.0,49383,10000
1220,929,928.0,49385,10005
1221,875,874.0,49383,10011
1222,923,922.0,49380,10009
1223,897,896.0,49386,10017
1224,887,886.0,49385,10008
1225,892,891.0,49387,10008
1226,874,873.0,49390,10002
1227,901,900.0,49379,10003
1228,885,884.0,49387,10010
1229,901,900.0,49390,10001
1230,922,921.0,49387,10004
1231,903,902.0,49389,10002
1232,943,942.0,49384,10000
1233,884,883.0,49385,10015
1234,864,863.0,49391,10007
1235,859,858.0,49385,10007
1236,863,862.0,49393,10016
1237,896,895.0,49386,10011
1238,938,937.0,49386,10004
1239,901,900.0,49387,10009
1240,871,870.0,49388,10012
1241,922,921.0,49379,10022
1242,893,892.0,49389,10011
1243,901,900.0,49381,10008
1244,888,887.0,49385,10011
1245,940,939.0,49381,10008
1246,890,889.0,49383,10009
1247,881,880.0,49388,10003
1248,901,900.0,49381,10005
1249,886,885.0,49386,10014
1250,897,896.0,49378,10022
1251,901,900.0,49380,10011
1252,901,900.0,49381,10015
1253,894,893.0,49384,10002
1254,884,883.0,49382,10015
1255,913,912.0,49385,10003
1256,894,893.0,49388,10021
1257,875,874.0,49385,10011
1258,940,939.0,49381,10013
1259,892,891.0,49388,10003
1260,900,899.0,49380,10003
1261,890,889.0,49386,10016
1262,898,897.0,49394,10011
1263,940,939.0,49379,10001
1264,897,896.0,49384,10004
1265,876,875.0,49385,10017
1266,906,905.0,49385,10019
1267,922,921.0,49379,10005
1268,914,913.0,49381,10013
1269,888,887.0,49384,10005
1270,931,930.0,49384,10019
1271,893,892.0,49384,10001
1272,845,844.0,49391,10017
1273,900,899.0,49379,10007
1274,902,901.0,49381,10013
1275,866,865.0,49392,10009
1276,876,875.0,49385,10004
1277,885,884.0,49384,10016
1278,895,894.0,49378,10016
1279,896,895.0,49379,10009
1280,902,901.0,49383,10019
1281,879,878.0,49387,10003
1282,859,858.0,49391,10006
1283,875,874.0,49384,10008
1284,942,941.0,49380,10004
1285,881,880.0,49385,10013
1286,900,899.0,49379,10019
1287,923,922.0,49379,10005
1288,894,893.0,49386,10003
1289,893,892.0,49386,10002
1290,883,882.0,49381,10010
1291,901,900.0,49380,10005
1292,912,911.0,49386,10014
1293,888,887.0,49384,10006
1294,862,861.0,49387,10004
1295,877,876.0,49387,10010
1296,889,888.0,49385,9998
1297,901,900.0,49379,10008
1298,901,900.0,49381,10005
1299,924,923.0,49379,10010
1300,930,929.0,49379,10000
1301,902,901.0,49380,10015
1302,900,899.0,49380,10014
1303,892,891.0,49386,10017
1304,900,899.0,49380,10007
1305,890,889.0,49386,10000
1306,889,888.0,49386,10004
1307,893,892.0,49387,10016
1308,892,891.0,49389,10019
1309,915,914.0,49381,9997
1310,896,895.0,49383,10001
1311,910,909.0,49383,10011
1312,885,884.0,49384,10007
1313,875,874.0,49385,10016
1314,900,899.0,49391,10001
1315,874,873.0,49392,9999
1316,890,889.0,49385,10001
1317,950,949.0,49377,10009
1318,886,885.0,49386,9998
1319,927,926.0,49382,10019
1320,920,919.0,49381,9999
1321,887,886.0,49384,10019
1322,883,882.0,49383,10018
1323,883,882.0,49384,10006
1324,915,914.0,49384,10005
1325,950,949.0,49386,10001
1326,902,901.0,49380,10001
1327,880,879.0,49393,10015
1328,896,895.0,49378,9999
1329,908,907.0,49383,10007
1330,870,869.0,49382,10007
1331,906,905.0,49385,10005
1332,902,901.0,49381,10003
1333,889,888.0,49386,10012
1334,902,901.0,49380,10002
1335,902,901.0,49379,10011
1336,906,905.0,49385,10019
1337,901,900.0,49380,10014
1338,902,901.0,49380,10004
1339,901,900.0,49384,10006
1340,892,891.0,49385,10019
1341,929,928.0,49389,10014
1342,895,894.0,49387,9999
1343,886,885.0,49385,10003
1344,928,927.0,49380,10013
1345,884,883.0,49384,10009
1346,877,876.0,49386,10010
1347,888,887.0,49384,10020
1348,876,875.0,49389,10019
1349,924,923.0,49381,10012
1350,943,942.0,49384,10015
1351,903,902.0,49379,9999
1352,902,901.0,49379,10005
1353,885,884.0,49383,10016
1354,920,919.0,49382,10013
1355,901,900.0,49380,10010
1356,901,900.0,49381,10005
1357,896,895.0,49383,10002
1358,900,899.0,49382,10001
1359,940,939.0,49379,10018
1360,893,892.0,49383,10018
1361,889,888.0,49387,10009
1362,874,873.0,49393,10019
1363,893,892.0,49384,10012
1364,874,873.0,49388,10003
1365,890,889.0,49382,10002
1366,901,900.0,49381,10003
1367,913,912.0,49385,10007
1368,892,891.0,49386,10004
1369,902,901.0,49381,10010
1370,926,925.0,49379,10013
1371,899,898.0,49386,10011
1372,886,885.0,49385,10015
1373,915,914.0,49379,10013
1374,931,930.0,49381,10002
1375,900,899.0,49384,10016
1376,948,947.0,49385,10007
1377,894,893.0,49384,10009
1378,888,887.0,49387,10015
1379,878,877.0,49387,10001
1380,895,894.0,49385,10009
1381,916,915.0,49381,10015
1382,952,951.0,49378,10012
1383,900,899.0,49380,10018
1384,866,865.0,49389,10017
1385,936,935.0,49379,10001
1386,901,900.0,49380,10000
1387,850,849.0,49393,10004
1388,898,897.0,49384,10018
1389,932,931.0,49388,10000
1390,891,890.0,49384,9999
1391,900,899.0,49380,10013
1392,901,900.0,49380,10006
1393,886,885.0,49383,9999
1394,889,888.0,49385,10002
1395,888,887.0,49387,10022
1396,887,886.0,49384,10015
1397,902,901.0,49379,10008
1398,900,899.0,49381,10014
1399,879,878.0,49387,10002
1400,889,888.0,49387,10017
1401,900,899.0,49380,9998
1402,901,900.0,49380,10009
1403,899,898.0,49380,10019
1404,900,899.0,49379,10016
1405,912,911.0,49386,10000
1406,882,881.0,49385,10007
1407,918,917.0,49385,10001
1408,900,899.0,49381,10012
1409,902,901.0,49380,10007
1410,894,893.0,49384,10016
1411,901,900.0,49381,10015
1412,985,984.0,49377,10008
1413,901,900.0,49381,10000
1414,893,892.0,49385,10007
1415,903,902.0,49392,10018
1416,917,916.0,49384,10005
1417,902,901.0,49380,10001
1418,901,900.0,49380,10001
1419,876,875.0,49384,10001
1420,887,886.0,49384,10000
1421,889,888.0,49381,10016
1422,907,906.0,49383,10016
1423,882,881.0,49391,10002
1424,868,867.0,49390,10011
1425,937,936.0,49388,10010
1426,904,903.0,49379,10001
1427,897,896.0,49393,10005
1428,922,921.0,49393,9996
1429,891,890.0,49383,10000
1430,945,944.0,49378,9996
1431,877,876.0,49385,10013
1432,884,883.0,49384,9998
1433,922,921.0,49386,10004
1434,886,885.0,49386,10012
1435,902,901.0,49381,10016
1436,881,880.0,49383,10019
1437,880,879.0,49392,10008
1438,883,882.0,49386,10016
1439,888,887.0,49382,10012
1440,882,881.0,49390,10000
1441,894,893.0,49384,10016
1442,905,904.0,49388,10002
1443,916,915.0,49391,10002
1444,925,924.0,49387,10010
1445,898,897.0,49381,10003
1446,942,941.0,49379,10005
1447,927,926.0,49385,10010
1448,913,912.0,49390,10002
1449,903,902.0,49380,10006
1450,893,892.0,49387,10007
1451,900,899.0,49381,10016
1452,902,901.0,49381,10015
1453,902,901.0,49382,10011
1454,889,888.0,49385,10012
1455,885,884.0,49393,10012
1456,940,939.0,49379,10000
1457,908,907.0,49383,10014
1458,897,896.0,49378,10007
1459,906,905.0,49386,10010
1460,874,873.0,49393,10005
1461,901,900.0,49382,10013
1462,864,863.0,49389,10015
1463,875,874.0,49388,10004
1464,864,863.0,49390,10012
1465,950,949.0,49377,10014
1466,902,901.0,49386,10013
1467,903,902.0,49381,10011
1468,885,884.0,49385,10019
1469,890,889.0,49383,10000
1470,918,917.0,49386,10019
1471,876,875.0,49385,10012
1472,895,894.0,49386,10002
1473,962,961.0,49378,10002
1474,924,923.0,49387,10009
1475,905,904.0,49385,10018
1476,886,885.0,49385,10016
1477,943,942.0,49378,10003
1478,884,883.0,49386,10010
1479,873,872.0,49384,9999
1480,921,920.0,49378,10016
1481,901,900.0,49380,10005
1482,891,890.0,49391,10015
1483,890,889.0,49387,10019
1484,873,872.0,49386,10019
1485,897,896.0,49385,10014
1486,883,882.0,49384,10009
1487,888,887.0,49384,10016
1488,887,886.0,49382,10011
1489,928,927.0,49385,10017
1490,895,894.0,49386,10002
1491,894,893.0,49384,9998
1492,899,898.0,49386,10012
1493,891,890.0,49382,10012
1494,882,881.0,49388,10006
1495,857,856.0,49391,10009
1496,900,899.0,49380,10018
1497,901,900.0,49380,10013
1498,955,954.0,49381,10010
1499,928,927.0,49384,10002
1500,902,901.0,49380,10003
1501,901,900.0,49380,10005
1502,901,900.0,49380,10005
1503,934,933.0,49384,10017
1504,885,884.0,49385,10003
1505,887,886.0,49384,10017
1506,898,897.0,49378,10010
1507,876,875.0,49392,10006
1508,889,888.0,49384,10004
1509,887,886.0,49387,10003
1510,907,906.0,49386,10002
1511,906,905.0,49385,10016
1512,888,887.0,49384,9998
1513,894,893.0,49386,10008
1514,901,900.0,49381,10005
1515,861,860.0,49387,10007
1516,902,901.0,49381,10019
1517,871,870.0,49384,10013
1518,860,859.0,49391,10002
1519,899,898.0,49379,10017
1520,914,913.0,49385,10016
1521,875,874.0,49386,10020
1522,910,909.0,49385,10003
1523,908,907.0,49385,9999
1524,894,893.0,49384,10015
1525,856,855.0,49394,9998
1526,885,884.0,49386,10006
1527,892,891.0,49387,10020
1528,900,899.0,49380,10005
1529,897,896.0,49377,10005
1530,901,900.0,49379,10014
1531,902,901.0,49380,10007
1532,942,941.0,49379,10019
1533,901,900.0,49380,10012
1534,902,901.0,49378,10012
1535,955,954.0,49379,10010
1536,937,936.0,49381,10018
1537,955,954.0,49380,10006
1538,880,879.0,49392,10011
1539,942,941.0,49385,10011
1540,940,939.0,49381,10011
1541,890,889.0,49385,10008
1542,914,913.0,49384,10018
1543,870,869.0,49384,9999
1544,881,880.0,49384,10018
1545,890,889.0,49384,10016
1546,901,900.0,49382,10012
1547,898,897.0,49382,10002
1548,888,887.0,49386,10006
1549,896,895.0,49377,10013
1550,957,956.0,49380,9999
1551,901,900.0,49380,10016
1552,900,899.0,49381,10012
1553,888,887.0,49383,10015
1554,969,968.0,49384,10004
1555,904,903.0,49386,10001
1556,898,897.0,49383,10014
1557,944,943.0,49380,10008
1558,850,849.0,49391,10010
1559,861,860.0,49390,10017
1560,875,874.0,49383,10014
1561,907,906.0,49384,10006
1562,888,887.0,49384,10011
1563,901,900.0,49381,10011
1564,906,905.0,49386,10017
1565,901,900.0,49380,10016
1566,896,895.0,49378,10010
1567,914,913.0,49385,10012
1568,901,900.0,49380,10003
1569,902,901.0,49380,10004
1570,880,879.0,49392,10012
1571,902,901.0,49380,10004
1572,886,885.0,49386,10011
1573,870,869.0,49384,10002
1574,906,905.0,49383,10013
1575,896,895.0,49383,10020
1576,901,900.0,49381,10014
1577,855,854.0,49392,9997
1578,886,885.0,49388,10010
1579,895,894.0,49386,10009
1580,891,890.0,49387,10001
1581,870,869.0,49382,10010
1582,872,871.0,49381,10004
1583,916,915.0,49379,10002
1584,891,890.0,49384,10014
1585,903,902.0,49381,10002
1586,911,910.0,49385,10010
1587,907,906.0,49386,10017
1588,875,874.0,49387,10008
1589,895,894.0,49378,10015
1590,853,852.0,49395,10010
1591,947,946.0,49379,10005
1592,887,886.0,49385,10008
1593,898,897.0,49378,10009
1594,895,894.0,49393,10003
1595,894,893.0,49383,10008
1596,903,902.0,49394,10009
1597,905,904.0,49387,10003
1598,901,900.0,49379,10020
1599,878,877.0,49392,9998
1600,889,888.0,49386,10000
1601,900,899.0,49380,10018
1602,900,899.0,49381,10010
1603,905,904.0,49386,10014
1604,888,887.0,49386,10010
1605,907,906.0,49384,10016
1606,896,895.0,49392,10009
1607,950,949.0,49382,10003
1608,884,883.0,49387,9996
1609,901,900.0,49380,10007
1610,890,889.0,49387,10013
1611,898,897.0,49389,10016
1612,879,878.0,49392,9998
1613,888,887.0,49384,10017
1614,901,900.0,49386,10017
1615,883,882.0,49386,10017
1616,891,890.0,49386,10001
1617,924,923.0,49379,10009
1618,901,900.0,49381,10011
1619,899,898.0,49386,10008
1620,889,888.0,49384,10002
1621,903,902.0,49385,10010
1622,910,909.0,49386,10015
1623,897,896.0,49381,10000
1624,923,922.0,49377,10017
1625,887,886.0,49385,10012
1626,913,912.0,49382,10016
1627,902,901.0,49379,10005
1628,895,894.0,49385,10007
1629,900,899.0,49381,10007
1630,884,883.0,49384,10005
1631,888,887.0,49384,10005
1632,919,918.0,49386,10011
1633,889,888.0,49385,10010
1634,871,870.0,49384,10005
1635,902,901.0,49383,10005
1636,891,890.0,49386,10009
1637,859,858.0,49388,10005
1638,906,905.0,49385,10012
1639,888,887.0,49384,10007
1640,892,891.0,49387,10023
1641,900,899.0,49381,10010
1642,888,887.0,49391,10002
1643,900,899.0,49382,10010
1644,889,888.0,49383,10012
1645,901,900.0,49383,10002
1646,905,904.0,49387,10012
1647,904,903.0,49383,10013
1648,901,900.0,49381,10015
1649,898,897.0,49384,10008
1650,902,901.0,49385,10000
1651,901,900.0,49379,10002
1652,901,900.0,49381,10007
1653,912,911.0,49385,10001
1654,871,870.0,49388,10010
1655,888,887.0,49385,10016
1656,898,897.0,49384,10003
1657,871,870.0,49385,10002
1658,884,883.0,49389,9999
1659,912,911.0,49385,10001
1660,876,875.0,49386,9998
1661,912,911.0,49386,10005
1662,877,876.0,49384,10008
1663,912,911.0,49388,10014
1664,923,922.0,49379,10010
1665,843,842.0,49389,10010
1666,850,849.0,49393,10016
1667,896,895.0,49386,10004
1668,882,881.0,49382,10024
1669,888,887.0,49385,10010
1670,889,888.0,49384,10014
1671,914,913.0,49387,10013
1672,894,893.0,49386,10001
1673,888,887.0,49386,10008
1674,902,901.0,49380,10010
1675,875,874.0,49384,10005
1676,901,900.0,49381,9998
1677,949,948.0,49386,10008
1678,896,895.0,49378,10010
1679,893,892.0,49385,10010
1680,914,913.0,49380,10014
1681,901,900.0,49380,10012
1682,898,897.0,49384,10005
1683,887,886.0,49384,10022
1684,858,857.0,49389,10003
1685,882,881.0,49382,10017
1686,886,885.0,49392,10015
1687,886,885.0,49384,10010
1688,901,900.0,49382,10007
1689,888,887.0,49383,10002
1690,899,898.0,49380,10015
1691,887,886.0,49386,10002
1692,888,887.0,49385,10015
1693,893,892.0,49386,10019
1694,894,893.0,49385,10016
1695,867,866.0,49392,10000
1696,892,891.0,49384,10019
1697,894,893.0,49385,10003
1698,851,850.0,49385,10010
1699,897,896.0,49383,10012
1700,901,900.0,49385,10000
1701,900,899.0,49380,10000
1702,900,899.0,49380,10018
1703,886,885.0,49384,10016
1704,866,865.0,49384,10004
1705,913,912.0,49383,10018
1706,863,862.0,49388,10013
1707,900,899.0,49380,10017
1708,897,896.0,49383,10013
1709,887,886.0,49385,10001
1710,871,870.0,49383,10015
1711,890,889.0,49389,10007
1712,879,878.0,49385,10013
1713,902,901.0,49380,10002
1714,877,876.0,49386,10017
1715,870,869.0,49390,10014
1716,882,881.0,49387,10016
1717,922,921.0,49384,10009
1718,886,885.0,49387,10008
1719,892,891.0,49386,10000
1720,881,880.0,49387,10009
1721,901,900.0,49381,10014
1722,883,882.0,49387,10002
1723,906,905.0,49385,10006
1724,950,949.0,49384,10005
1725,871,870.0,49384,10008
1726,910,909.0,49388,10001
1727,883,882.0,49388,10004
1728,899,898.0,49386,9999
1729,899,898.0,49384,10012
1730,898,897.0,49383,10008
1731,878,877.0,49384,10004
1732,901,900.0,49380,10003
1733,900,899.0,49381,10003
1734,902,901.0,49379,10009
1735,888,887.0,49384,10003
1736,909,908.0,49388,10018
1737,955,954.0,49380,10003
1738,915,914.0,49387,10001
1739,885,884.0,49383,10008
1740,894,893.0,49386,10006
1741,876,875.0,49386,10008
1742,901,900.0,49380,10004
1743,899,898.0,49385,10021
1744,898,897.0,49384,10011
1745,902,901.0,49381,10013
1746,881,880.0,49384,10009
1747,888,887.0,49384,10018
1748,900,899.0,49382,10014
1749,887,886.0,49385,10018
1750,877,876.0,49386,10011
1751,900,899.0,49380,10012
1752,901,900.0,49380,10018
1753,952,951.0,49377,10000
1754,890,889.0,49386,10017
1755,901,900.0,49381,10013
1756,913,912.0,49384,10005
1757,885,884.0,49383,9999
1758,896,895.0,49378,10001
1759,897,896.0,49387,10002
1760,919,918.0,49381,10011
1761,963,962.0,49386,10009
1762,888,887.0,49382,10010
1763,898,897.0,49382,10001
1764,872,871.0,49383,10017
1765,889,888.0,49382,10016
1766,909,908.0,49386,10015
1767,859,858.0,49390,9999
1768,901,900.0,49380,10001
1769,901,900.0,49380,10011
1770,895,894.0,49385,10004
1771,885,884.0,49387,10012
1772,874,873.0,49388,10006
1773,887,886.0,49384,10019
1774,890,889.0,49384,10000
1775,905,904.0,49388,10019
1776,940,939.0,49380,10014
1777,894,893.0,49385,10013
1778,881,880.0,49386,10014
1779,900,899.0,49380,10016
1780,900,899.0,49384,10019
1781,898,897.0,49382,10012
1782,938,937.0,49384,10004
1783,898,897.0,49386,10010
1784,928,927.0,49380,10006
1785,888,887.0,49384,10019
1786,863,862.0,49392,10010
1787,876,875.0,49392,10005
1788,896,895.0,49383,10014
1789,890,889.0,49383,10000
1790,901,900.0,49380,10019
1791,889,888.0,49383,10011
1792,876,875.0,49387,10006
1793,890,889.0,49386,10007
1794,876,875.0,49383,10009
1795,905,904.0,49385,10010
1796,947,946.0,49384,10001
1797,887,886.0,49384,10005
1798,864,863.0,49394,10011
1799,875,874.0,49384,10007
1800,883,882.0,49392,10020
1801,902,901.0,49380,10008
1802,900,899.0,49380,10016
1803,892,891.0,49386,10005
1804,894,893.0,49383,10019
1805,915,914.0,49384,10000
1806,935,934.0,49387,10010
1807,883,882.0,49381,10004
1808,903,902.0,49380,10008
1809,932,931.0,49393,10014
1810,899,898.0,49390,10000
1811,881,880.0,49396,10007
1812,879,878.0,49384,10007
1813,900,899.0,49380,10007
1814,890,889.0,49381,10014
1815,879,878.0,49390,10017
1816,879,878.0,49389,10017
1817,896,895.0,49386,10004
1818,889,888.0,49384,9998
1819,900,899.0,49390,10010
1820,889,888.0,49384,10004
1821,928,927.0,49384,10013
1822,901,900.0,49381,10011
1823,888,887.0,49384,10010
1824,894,893.0,49387,10024
1825,882,881.0,49388,10004
1826,903,902.0,49388,10016
1827,881,880.0,49386,10018
1828,879,878.0,49389,10004
1829,891,890.0,49385,10012
1830,919,918.0,49386,10013
1831,895,894.0,49384,10002
1832,973,972.0,49379,10007
1833,881,880.0,49392,10016
1834,918,917.0,49386,10014
1835,898,897.0,49384,10017
1836,897,896.0,49383,9999
1837,891,890.0,49387,10014
1838,894,893.0,49386,10004
1839,896,895.0,49378,10019
1840,913,912.0,49385,10002
1841,902,901.0,49390,10006
1842,889,888.0,49383,10014
1843,907,906.0,49388,10014
1844,929,928.0,49386,10001
1845,870,869.0,49385,10004
1846,852,851.0,49393,10018
1847,884,883.0,49384,10015
1848,922,921.0,49384,10016
1849,862,861.0,49386,10000
1850,901,900.0,49380,10009
1851,902,901.0,49379,9999
1852,903,902.0,49380,9999
1853,900,899.0,49381,10005
1854,884,883.0,49392,10002
1855,882,881.0,49386,9997
1856,905,904.0,49386,10005
1857,951,950.0,49377,10014
1858,886,885.0,49387,10001
1859,907,906.0,49386,10011
1860,879,878.0,49387,10003
1861,904,903.0,49384,10004
1862,889,888.0,49383,10011
1863,900,899.0,49380,10007
1864,903,902.0,49385,10003
1865,916,915.0,49382,10003
1866,870,869.0,49385,10014
1867,900,899.0,49381,10018
1868,896,895.0,49386,10005
1869,857,856.0,49395,10000
1870,915,914.0,49393,10012
1871,888,887.0,49392,10007
1872,887,886.0,49392,10006
1873,870,869.0,49391,10014
1874,947,946.0,49381,10006
1875,923,922.0,49386,9998
1876,892,891.0,49386,10015
1877,902,901.0,49383,10016
1878,888,887.0,49384,10002
1879,896,895.0,49378,10006
1880,970,969.0,49379,10009
1881,915,914.0,49392,10010
1882,905,904.0,49391,10010
1883,901,900.0,49380,10019
1884,882,881.0,49387,10001
1885,870,869.0,49385,10006
1886,905,904.0,49385,10010
1887,911,910.0,49382,10016
1888,901,900.0,49380,9999
1889,881,880.0,49390,10004
1890,851,850.0,49395,10001
1891,888,887.0,49386,10012
1892,924,923.0,49386,10016
1893,878,877.0,49392,10007
1894,892,891.0,49387,10019
1895,894,893.0,49396,10017
1896,877,876.0,49388,10015
1897,894,893.0,49385,10006
1898,881,880.0,49388,10008
1899,908,907.0,49391,10007
1900,889,888.0,49382,10008
1901,901,900.0,49380,10003
1902,900,899.0,49380,10014
1903,861,860.0,49388,10012
1904,901,900.0,49381,10020
1905,956,955.0,49378,10014
1906,932,931.0,49380,10003
1907,951,950.0,49386,10001
1908,895,894.0,49385,10002
1909,901,900.0,49380,9999
1910,871,870.0,49385,10016
1911,886,885.0,49385,9999
1912,928,927.0,49390,10005
1913,901,900.0,49381,10008
1914,870,869.0,49394,10004
1915,863,862.0,49386,10000
1916,892,891.0,49386,10017
1917,883,882.0,49386,10007
1918,945,944.0,49385,10003
1919,890,889.0,49386,10003
1920,891,890.0,49383,10009
1921,888,887.0,49383,10020
1922,966,965.0,49387,10020
1923,897,896.0,49385,10004
1924,886,885.0,49385,10017
1925,902,901.0,49383,10011
1926,923,922.0,49384,10005
1927,931,930.0,49380,10010
1928,925,924.0,49379,10018
1929,865,864.0,49389,10012
1930,879,878.0,49386,10020
1931,899,898.0,49381,10021
1932,935,934.0,49382,10012
1933,882,881.0,49386,10021
1934,866,865.0,49388,10022
1935,886,885.0,49385,10009
1936,887,886.0,49383,10001
1937,939,938.0,49379,9997
1938,876,875.0,49393,10009
1939,888,887.0,49386,10019
1940,892,891.0,49387,10015
1941,1013,1012.0,49384,10001
1942,911,910.0,49383,10003
1943,865,864.0,49390,10021
1944,892,891.0,49386,10014
1945,883,882.0,49385,10001
1946,843,842.0,49393,10018
1947,886,885.0,49387,10015
1948,891,890.0,49391,10011
1949,901,900.0,49392,10002
1950,894,893.0,49384,10001
1951,902,901.0,49380,10020
1952,902,901.0,49381,10000
1953,886,885.0,49392,9999
1954,888,887.0,49384,10000
1955,887,886.0,49385,10017
1956,905,904.0,49390,10009
1957,858,857.0,49390,10026
1958,884,883.0,49385,10004
1959,887,886.0,49391,10002
1960,897,896.0,49385,10014
1961,882,881.0,49386,10020
1962,914,913.0,49385,10006
1963,862,861.0,49393,10009
1964,901,900.0,49379,10006
1965,900,899.0,49381,10007
1966,904,903.0,49395,10017
1967,906,905.0,49385,10017
1968,934,933.0,49385,10013
1969,923,922.0,49389,10012
1970,870,869.0,49384,10010
1971,878,877.0,49386,10010
1972,928,927.0,49385,10004
1973,872,871.0,49383,10017
1974,893,892.0,49383,10015
1975,889,888.0,49381,10014
1976,939,938.0,49381,10008
1977,907,906.0,49386,10009
1978,948,947.0,49382,10015
1979,950,949.0,49378,10021
1980,903,902.0,49386,10005
1981,871,870.0,49390,10003
1982,892,891.0,49384,10004
1983,893,892.0,49384,9999
1984,938,937.0,49390,10017
1985,879,878.0,49387,10012
1986,900,899.0,49380,10013
1987,895,894.0,49389,10003
1988,895,894.0,49386,10014
1989,895,894.0,49386,10012
1990,901,900.0,49381,10005
1991,905,904.0,49389,10001
1992,885,884.0,49384,10003
1993,901,900.0,49380,10013
1994,902,901.0,49380,10006
1995,876,875.0,49392,10006
1996,912,911.0,49385,10007
1997,931,930.0,49383,10022
1998,949,948.0,49388,10014
1999,912,911.0,49389,10017
2000,934,933.0,49380,10014
2001,900,899.0,49381,10011
2002,901,900.0,49380,10016
2003,894,893.0,49389,10003
2004,889,888.0,49385,10020
2005,890,889.0,49385,10002
2006,867,866.0,49388,10021
2007,901,900.0,49379,10014
2008,901,900.0,49380,10009
2009,870,869.0,49394,10007
2010,901,900.0,49381,9998
2011,891,890.0,49396,10007
2012,902,901.0,49387,10017
2013,896,895.0,49388,10004
2014,888,887.0,49384,9998
2015,864,863.0,49390,10009
2016,896,895.0,49387,10004
2017,906,905.0,49389,10015
2018,903,902.0,49379,10015
2019,888,887.0,49385,10017
2020,882,881.0,49385,10013
2021,869,868.0,49386,10001
2022,917,916.0,49387,10008
2023,900,899.0,49384,10002
2024,876,875.0,49387,10012
2025,902,901.0,49379,9997
2026,894,893.0,49383,10003
2027,890,889.0,49388,10010
2028,863,862.0,49393,10024
2029,940,939.0,49382,10003
2030,895,894.0,49386,10002
2031,900,899.0,49381,10013
2032,905,904.0,49387,10002
2033,942,941.0,49381,10001
2034,958,957.0,49383,10009
2035,901,900.0,49380,10010
2036,896,895.0,49383,10006
2037,933,932.0,49383,10003
2038,872,871.0,49383,10018
2039,900,899.0,49380,10022
2040,914,913.0,49381,10019
2041,904,903.0,49383,10022
2042,892,891.0,49384,10002
2043,918,917.0,49381,10017
2044,878,877.0,49386,10007
2045,882,881.0,49384,10002
2046,895,894.0,49383,10004
2047,924,923.0,49386,9997
2048,932,931.0,49383,10019
2049,906,905.0,49386,10009
2050,877,876.0,49388,10006
2051,902,901.0,49378,9999
2052,900,899.0,49380,10013
2053,880,879.0,49384,10013
2054,879,878.0,49388,10005
2055,926,925.0,49380,10008
2056,895,894.0,49388,10003
2057,903,902.0,49383,10010
2058,896,895.0,49378,10007
2059,907,906.0,49386,10002
2060,907,906.0,49385,10008
2061,887,886.0,49386,10007
2062,884,883.0,49387,10013
2063,872,871.0,49382,10012
2064,900,899.0,49380,10011
2065,891,890.0,49388,10012
2066,891,890.0,49385,9998
2067,892,891.0,49385,10009
2068,902,901.0,49380,10005
2069,871,870.0,49388,10007
2070,883,882.0,49385,10004
2071,863,862.0,49390,10009
2072,904,903.0,49379,10003
2073,907,906.0,49385,9999
2074,907,906.0,49383,10005
2075,901,900.0,49379,10016
2076,901,900.0,49379,10004
2077,877,876.0,49383,9996
2078,865,864.0,49392,10020
2079,911,910.0,49386,10008
2080,896,895.0,49385,10022
2081,921,920.0,49386,10015
2082,867,866.0,49389,10007
2083,901,900.0,49379,10013
2084,901,900.0,49379,10008
2085,883,882.0,49389,10019
2086,903,902.0,49384,10003
2087,877,876.0,49387,10004
2088,912,911.0,49385,10014
2089,888,887.0,49384,10015
2090,900,899.0,49381,10021
2091,911,910.0,49387,10013
2092,954,953.0,49387,10001
2093,881,880.0,49385,10016
2094,925,924.0,49381,10017
2095,906,905.0,49385,10023
2096,897,896.0,49384,10009
2097,900,899.0,49381,10015
2098,899,898.0,49384,10001
2099,901,900.0,49380,10015
2100,889,888.0,49383,9999
2101,901,900.0,49381,10017
2102,902,901.0,49380,10005
2103,910,909.0,49385,10009
2104,901,900.0,49380,9997
2105,879,878.0,49386,10012
2106,899,898.0,49384,10018
2107,894,893.0,49391,10013
2108,874,873.0,49387,10008
2109,890,889.0,49386,9999
2110,889,888.0,49384,10001
2111,901,900.0,49380,10016
2112,929,928.0,49385,10018
2113,900,899.0,49380,10018
2114,884,883.0,49385,10014
2115,888,887.0,49385,10002
2116,892,891.0,49387,10007
2117,926,925.0,49388,10006
2118,903,902.0,49381,10004
2119,894,893.0,49387,10002
2120,931,930.0,49384,10008
2121,902,901.0,49383,10008
2122,885,884.0,49384,10010
2123,895,894.0,49385,10011
2124,889,888.0,49385,10002
2125,892,891.0,49387,10009
2126,888,887.0,49384,10012
2127,869,868.0,49393,10008
2128,877,876.0,49388,10006
2129,916,915.0,49384,10008
2130,956,955.0,49380,10017
2131,901,900.0,49380,10005
2132,902,901.0,49384,10010
2133,909,908.0,49385,10018
2134,940,939.0,49380,10008
2135,911,910.0,49386,10017
2136,877,876.0,49384,10014
2137,906,905.0,49385,10008
2138,901,900.0,49381,10007
2139,927,926.0,49384,10007
2140,908,907.0,49383,10022
2141,929,928.0,49381,10011
2142,873,872.0,49383,10000
2143,896,895.0,49380,10009
2144,902,901.0,49380,10010
2145,913,912.0,49386,10001
2146,889,888.0,49382,10020
2147,889,888.0,49384,10019
2148,913,912.0,49387,10024
2149,923,922.0,49378,10002
2150,881,880.0,49382,10015
2151,901,900.0,49381,10014
2152,901,900.0,49380,10021
2153,900,899.0,49382,10005
2154,872,871.0,49384,10004
2155,903,902.0,49384,10003
2156,890,889.0,49385,10012
2157,864,863.0,49391,10023
2158,909,908.0,49385,10004
2159,900,899.0,49381,10002
2160,901,900.0,49379,10014
2161,870,869.0,49395,10007
2162,900,899.0,49380,10014
2163,892,891.0,49384,10003
2164,882,881.0,49382,10010
2165,877,876.0,49387,10020
2166,914,913.0,49387,10021
2167,886,885.0,49383,10012
2168,890,889.0,49384,9998
2169,879,878.0,49391,10018
2170,888,887.0,49385,10012
2171,891,890.0,49385,10007
2172,896,895.0,49377,10018
2173,927,926.0,49385,10016
2174,901,900.0,49380,10008
2175,922,921.0,49386,10013
2176,884,883.0,49384,10015
2177,913,912.0,49385,9999
2178,873,872.0,49394,10005
2179,897,896.0,49386,10001
2180,939,938.0,49381,10004
2181,902,901.0,49380,10011
2182,900,899.0,49385,9998
2183,902,901.0,49380,10008
2184,924,923.0,49389,10013
2185,885,884.0,49385,10013
2186,886,885.0,49383,10009
2187,902,901.0,49381,10007
2188,882,881.0,49385,10002
2189,888,887.0,49384,10003
2190,917,916.0,49394,10017
2191,872,871.0,49391,10006
2192,926,925.0,49386,10016
2193,882,881.0,49387,10017
2194,903,902.0,49380,9999
2195,928,927.0,49383,9998
2196,901,900.0,49381,10015
2197,870,869.0,49386,10005
2198,904,903.0,49385,10012
2199,888,887.0,49386,10009
2200,877,876.0,49388,9994
2201,900,899.0,49380,10011
2202,900,899.0,49381,10018
2203,895,894.0,49383,10006
2204,947,946.0,49379,10013
2205,888,887.0,49385,10006
2206,886,885.0,49385,9998
2207,895,894.0,49388,10004
2208,899,898.0,49380,10015
2209,879,878.0,49387,10010
2210,894,893.0,49383,10015
2211,901,900.0,49382,10005
2212,940,939.0,49381,10010
2213,945,944.0,49385,10001
2214,894,893.0,49386,10017
2215,885,884.0,49385,10008
2216,882,881.0,49383,10002
2217,888,887.0,49386,10013
2218,906,905.0,49385,10001
2219,879,878.0,49396,10000
2220,901,900.0,49380,10016
2221,883,882.0,49385,10018
2222,879,878.0,49387,9997
2223,891,890.0,49385,10021
2224,894,893.0,49384,10009
2225,873,872.0,49394,10011
2226,892,891.0,49387,10011
2227,909,908.0,49379,10018
2228,914,913.0,49385,10015
2229,908,907.0,49381,10012
2230,880,879.0,49383,10016
2231,884,883.0,49392,10016
2232,886,885.0,49385,10001
2233,868,867.0,49386,10008
2234,890,889.0,49383,10004
2235,886,885.0,49393,10009
2236,889,888.0,49382,10009
2237,897,896.0,49378,10000
2238,902,901.0,49381,10002
2239,935,934.0,49389,10007
2240,894,893.0,49384,10001
2241,892,891.0,49386,10014
2242,903,902.0,49383,10006
2243,868,867.0,49389,10013
2244,894,893.0,49384,10005
2245,957,956.0,49378,10004
2246,881,880.0,49391,10014
2247,901,900.0,49381,10010
2248,899,898.0,49380,10019
2249,885,884.0,49392,10001
