step,time,alive,remaining_fraction
0,0.0,49369,0.98738
1,1.0,49307,0.98614
2,2.0,49197,0.98394
3,3.0,49079,0.98158
4,4.0,48972,0.97944
5,5.0,48858,0.97716
6,6.0,48754,0.97508
7,7.0,48646,0.97292
8,8.0,48547,0.97094
9,9.0,48447,0.96894
10,10.0,48356,0.96712
11,11.0,48268,0.96536
12,12.0,48181,0.96362
13,13.0,48090,0.9618
14,14.0,48003,0.96006
15,15.0,47932,0.95864
16,16.0,47851,0.95702
17,17.0,47784,0.95568
18,18.0,47714,0.95428
19,19.0,47642,0.95284
20,20.0,47582,0.95164
21,21.0,47505,0.9501
22,22.0,47443,0.94886
23,23.0,47378,0.94756
24,24.0,47306,0.94612
25,25.0,47251,0.94502
26,26.0,47178,0.94356
27,27.0,47118,0.94236
28,28.0,47054,0.94108
29,29.0,46995,0.9399
30,30.0,46927,0.93854
31,31.0,46859,0.93718
32,32.0,46798,0.93596
33,33.0,46736,0.93472
34,34.0,46665,0.9333
35,35.0,46593,0.93186
36,36.0,46534,0.93068
37,37.0,46459,0.92918
38,38.0,46396,0.92792
39,39.0,46326,0.92652
40,40.0,46257,0.92514
41,41.0,46186,0.92372
42,42.0,46115,0.9223
43,43.0,46052,0.92104
44,44.0,45983,0.91966
45,45.0,45910,0.9182
46,46.0,45843,0.91686
47,47.0,45771,0.91542
48,48.0,45699,0.91398
49,49.0,45635,0.9127
50,50.0,45558,0.91116
51,51.0,45490,0.9098
52,52.0,45419,0.90838
53,53.0,45353,0.90706
54,54.0,45279,0.90558
55,55.0,45208,0.90416
56,56.0,45135,0.9027
57,57.0,45059,0.90118
58,58.0,44991,0.89982
59,59.0,44919,0.89838
60,60.0,44848,0.89696
61,61.0,44775,0.8955
62,62.0,44710,0.8942
63,63.0,44636,0.89272
64,64.0,44563,0.89126
65,65.0,44493,0.88986
66,66.0,44413,0.88826
67,67.0,44344,0.88688
68,68.0,44279,0.88558
69,69.0,44209,0.88418
70,70.0,44131,0.88262
71,71.0,44064,0.88128
72,72.0,43989,0.87978
73,73.0,43923,0.87846
74,74.0,43845,0.8769
75,75.0,43775,0.8755
76,76.0,43695,0.8739
77,77.0,43622,0.87244
78,78.0,43553,0.87106
79,79.0,43480,0.8696
80,80.0,43405,0.8681
81,81.0,43335,0.8667
82,82.0,43265,0.8653
83,83.0,43185,0.8637
84,84.0,43112,0.86224
85,85.0,43038,0.86076
86,86.0,42961,0.85922
87,87.0,42883,0.85766
88,88.0,42814,0.85628
89,89.0,42730,0.8546
90,90.0,42663,0.85326
91,91.0,42582,0.85164
92,92.0,42510,0.8502
93,93.0,42440,0.8488
94,94.0,42360,0.8472
95,95.0,42287,0.84574
96,96.0,42215,0.8443
97,97.0,42136,0.84272
98,98.0,42067,0.84134
99,99.0,41987,0.83974
100,100.0,41921,0.83842
101,101.0,41841,0.83682
102,102.0,41764,0.83528
103,103.0,41691,0.83382
104,104.0,41613,0.83226
105,105.0,41540,0.8308
106,106.0,41467,0.82934
107,107.0,41396,0.82792
108,108.0,41328,0.82656
109,109.0,41246,0.82492
110,110.0,41187,0.82374
111,111.0,41107,0.82214
112,112.0,41041,0.82082
113,113.0,40970,0.8194
114,114.0,40895,0.8179
115,115.0,40818,0.81636
116,116.0,40756,0.81512
117,117.0,40681,0.81362
118,118.0,40609,0.81218
119,119.0,40541,0.81082
120,120.0,40472,0.80944
121,121.0,40400,0.808
122,122.0,40332,0.80664
123,123.0,40267,0.80534
124,124.0,40196,0.80392
125,125.0,40125,0.8025
126,126.0,40060,0.8012
127,127.0,39987,0.79974
128,128.0,39909,0.79818
129,129.0,39847,0.79694
130,130.0,39779,0.79558
131,131.0,39708,0.79416
132,132.0,39645,0.7929
133,133.0,39574,0.79148
134,134.0,39515,0.7903
135,135.0,39446,0.78892
136,136.0,39380,0.7876
137,137.0,39314,0.78628
138,138.0,39252,0.78504
139,139.0,39183,0.78366
140,140.0,39115,0.7823
141,141.0,39058,0.78116
142,142.0,38991,0.77982
143,143.0,38927,0.77854
144,144.0,38868,0.77736
145,145.0,38801,0.77602
146,146.0,38732,0.77464
147,147.0,38677,0.77354
148,148.0,38610,0.7722
149,149.0,38553,0.77106
150,150.0,38487,0.76974
151,151.0,38431,0.76862
152,152.0,38355,0.7671
153,153.0,38307,0.76614
154,154.0,38245,0.7649
155,155.0,38179,0.76358
156,156.0,38120,0.7624
157,157.0,38066,0.76132
158,158.0,38002,0.76004
159,159.0,37947,0.75894
160,160.0,37891,0.75782
161,161.0,37827,0.75654
162,162.0,37772,0.75544
163,163.0,37711,0.75422
164,164.0,37657,0.75314
165,165.0,37602,0.75204
166,166.0,37541,0.75082
167,167.0,37487,0.74974
168,168.0,37428,0.74856
169,169.0,37369,0.74738
170,170.0,37319,0.74638
171,171.0,37257,0.74514
172,172.0,37200,0.744
173,173.0,37148,0.74296
174,174.0,37091,0.74182
175,175.0,37036,0.74072
176,176.0,36969,0.73938
177,177.0,36918,0.73836
178,178.0,36860,0.7372
179,179.0,36803,0.73606
180,180.0,36745,0.7349
181,181.0,36688,0.73376
182,182.0,36627,0.73254
183,183.0,36575,0.7315
184,184.0,36514,0.73028
185,185.0,36458,0.72916
186,186.0,36395,0.7279
187,187.0,36346,0.72692
188,188.0,36283,0.72566
189,189.0,36230,0.7246
190,190.0,36171,0.72342
191,191.0,36117,0.72234
192,192.0,36068,0.72136
193,193.0,36004,0.72008
194,194.0,35956,0.71912
195,195.0,35896,0.71792
196,196.0,35842,0.71684
197,197.0,35786,0.71572
198,198.0,35730,0.7146
199,199.0,35678,0.71356
200,200.0,35622,0.71244
201,201.0,35563,0.71126
202,202.0,35513,0.71026
203,203.0,35461,0.70922
204,204.0,35400,0.708
205,205.0,35339,0.70678
206,206.0,35287,0.70574
207,207.0,35229,0.70458
208,208.0,35172,0.70344
209,209.0,35119,0.70238
210,210.0,35065,0.7013
211,211.0,35007,0.70014
212,212.0,34957,0.69914
213,213.0,34902,0.69804
214,214.0,34842,0.69684
215,215.0,34791,0.69582
216,216.0,34732,0.69464
217,217.0,34678,0.69356
218,218.0,34621,0.69242
219,219.0,34561,0.69122
220,220.0,34508,0.69016
221,221.0,34452,0.68904
222,222.0,34394,0.68788
223,223.0,34343,0.68686
224,224.0,34287,0.68574
225,225.0,34233,0.68466
226,226.0,34175,0.6835
227,227.0,34119,0.68238
228,228.0,34067,0.68134
229,229.0,34015,0.6803
230,230.0,33956,0.67912
231,231.0,33906,0.67812
232,232.0,33843,0.67686
233,233.0,33795,0.6759
234,234.0,33734,0.67468
235,235.0,33677,0.67354
236,236.0,33623,0.67246
237,237.0,33570,0.6714
238,238.0,33514,0.67028
239,239.0,33456,0.66912
240,240.0,33403,0.66806
241,241.0,33352,0.66704
242,242.0,33291,0.66582
243,243.0,33242,0.66484
244,244.0,33181,0.66362
245,245.0,33127,0.66254
246,246.0,33076,0.66152
247,247.0,33021,0.66042
248,248.0,32966,0.65932
249,249.0,32905,0.6581
250,250.0,32849,0.65698
251,251.0,32799,0.65598
252,252.0,32747,0.65494
253,253.0,32688,0.65376
254,254.0,32636,0.65272
255,255.0,32588,0.65176
256,256.0,32530,0.6506
257,257.0,32475,0.6495
258,258.0,32421,0.64842
259,259.0,32369,0.64738
260,260.0,32318,0.64636
261,261.0,32266,0.64532
262,262.0,32205,0.6441
263,263.0,32154,0.64308
264,264.0,32093,0.64186
265,265.0,32051,0.64102
266,266.0,31994,0.63988
267,267.0,31940,0.6388
268,268.0,31894,0.63788
269,269.0,31844,0.63688
270,270.0,31790,0.6358
271,271.0,31737,0.63474
272,272.0,31692,0.63384
273,273.0,31640,0.6328
274,274.0,31586,0.63172
275,275.0,31540,0.6308
276,276.0,31491,0.62982
277,277.0,31439,0.62878
278,278.0,31385,0.6277
279,279.0,31344,0.62688
280,280.0,31287,0.62574
281,281.0,31246,0.62492
282,282.0,31184,0.62368
283,283.0,31144,0.62288
284,284.0,31088,0.62176
285,285.0,31038,0.62076
286,286.0,30992,0.61984
287,287.0,30939,0.61878
288,288.0,30894,0.61788
289,289.0,30841,0.61682
290,290.0,30794,0.61588
291,291.0,30743,0.61486
292,292.0,30697,0.61394
293,293.0,30642,0.61284
294,294.0,30596,0.61192
295,295.0,30545,0.6109
296,296.0,30502,0.61004
297,297.0,30451,0.60902
298,298.0,30407,0.60814
299,299.0,30362,0.60724
300,300.0,30308,0.60616
301,301.0,30259,0.60518
302,302.0,30211,0.60422
303,303.0,30165,0.6033
304,304.0,30118,0.60236
305,305.0,30072,0.60144
306,306.0,30023,0.60046
307,307.0,29976,0.59952
308,308.0,29924,0.59848
309,309.0,29877,0.59754
310,310.0,29837,0.59674
311,311.0,29782,0.59564
312,312.0,29736,0.59472
313,313.0,29693,0.59386
314,314.0,29643,0.59286
315,315.0,29592,0.59184
316,316.0,29546,0.59092
317,317.0,29502,0.59004
318,318.0,29455,0.5891
319,319.0,29410,0.5882
320,320.0,29361,0.58722
321,321.0,29316,0.58632
322,322.0,29268,0.58536
323,323.0,29219,0.58438
324,324.0,29181,0.58362
325,325.0,29129,0.58258
326,326.0,29088,0.58176
327,327.0,29037,0.58074
328,328.0,28992,0.57984
329,329.0,28945,0.5789
330,330.0,28899,0.57798
331,331.0,28851,0.57702
332,332.0,28807,0.57614
333,333.0,28760,0.5752
334,334.0,28712,0.57424
335,335.0,28667,0.57334
336,336.0,28619,0.57238
337,337.0,28576,0.57152
338,338.0,28522,0.57044
339,339.0,28480,0.5696
340,340.0,28431,0.56862
341,341.0,28389,0.56778
342,342.0,28341,0.56682
343,343.0,28290,0.5658
344,344.0,28249,0.56498
345,345.0,28206,0.56412
346,346.0,28154,0.56308
347,347.0,28114,0.56228
348,348.0,28070,0.5614
349,349.0,28023,0.56046
350,350.0,27978,0.55956
351,351.0,27931,0.55862
352,352.0,27887,0.55774
353,353.0,27836,0.55672
354,354.0,27790,0.5558
355,355.0,27747,0.55494
356,356.0,27702,0.55404
357,357.0,27652,0.55304
358,358.0,27605,0.5521
359,359.0,27563,0.55126
360,360.0,27515,0.5503
361,361.0,27470,0.5494
362,362.0,27424,0.54848
363,363.0,27376,0.54752
364,364.0,27335,0.5467
365,365.0,27292,0.54584
366,366.0,27249,0.54498
367,367.0,27206,0.54412
368,368.0,27156,0.54312
369,369.0,27111,0.54222
370,370.0,27063,0.54126
371,371.0,27020,0.5404
372,372.0,26971,0.53942
373,373.0,26931,0.53862
374,374.0,26888,0.53776
375,375.0,26844,0.53688
376,376.0,26800,0.536
377,377.0,26760,0.5352
378,378.0,26717,0.53434
379,379.0,26671,0.53342
380,380.0,26621,0.53242
381,381.0,26576,0.53152
382,382.0,26534,0.53068
383,383.0,26484,0.52968
384,384.0,26446,0.52892
385,385.0,26389,0.52778
386,386.0,26351,0.52702
387,387.0,26303,0.52606
388,388.0,26259,0.52518
389,389.0,26216,0.52432
390,390.0,26169,0.52338
391,391.0,26131,0.52262
392,392.0,26082,0.52164
393,393.0,26037,0.52074
394,394.0,25996,0.51992
395,395.0,25955,0.5191
396,396.0,25911,0.51822
397,397.0,25862,0.51724
398,398.0,25821,0.51642
399,399.0,25775,0.5155
400,400.0,25734,0.51468
401,401.0,25685,0.5137
402,402.0,25649,0.51298
403,403.0,25607,0.51214
404,404.0,25559,0.51118
405,405.0,25517,0.51034
406,406.0,25478,0.50956
407,407.0,25431,0.50862
408,408.0,25387,0.50774
409,409.0,25348,0.50696
410,410.0,25306,0.50612
411,411.0,25265,0.5053
412,412.0,25223,0.50446
413,413.0,25185,0.5037
414,414.0,25142,0.50284
415,415.0,25104,0.50208
416,416.0,25067,0.50134
417,417.0,25024,0.50048
418,418.0,24982,0.49964
419,419.0,24942,0.49884
420,420.0,24903,0.49806
421,421.0,24868,0.49736
422,422.0,24825,0.4965
423,423.0,24778,0.49556
424,424.0,24740,0.4948
425,425.0,24698,0.49396
426,426.0,24663,0.49326
427,427.0,24627,0.49254
428,428.0,24585,0.4917
429,429.0,24545,0.4909
430,430.0,24509,0.49018
431,431.0,24463,0.48926
432,432.0,24431,0.48862
433,433.0,24387,0.48774
434,434.0,24347,0.48694
435,435.0,24313,0.48626
436,436.0,24276,0.48552
437,437.0,24233,0.48466
438,438.0,24194,0.48388
439,439.0,24156,0.48312
440,440.0,24115,0.4823
441,441.0,24077,0.48154
442,442.0,24035,0.4807
443,443.0,23994,0.47988
444,444.0,23953,0.47906
445,445.0,23914,0.47828
446,446.0,23874,0.47748
447,447.0,23838,0.47676
448,448.0,23799,0.47598
449,449.0,23759,0.47518
450,450.0,23723,0.47446
451,451.0,23683,0.47366
452,452.0,23643,0.47286
453,453.0,23606,0.47212
454,454.0,23568,0.47136
455,455.0,23533,0.47066
456,456.0,23489,0.46978
457,457.0,23450,0.469
458,458.0,23409,0.46818
459,459.0,23372,0.46744
460,460.0,23334,0.46668
461,461.0,23298,0.46596
462,462.0,23258,0.46516
463,463.0,23217,0.46434
464,464.0,23180,0.4636
465,465.0,23142,0.46284
466,466.0,23104,0.46208
467,467.0,23064,0.46128
468,468.0,23024,0.46048
469,469.0,22992,0.45984
470,470.0,22952,0.45904
471,471.0,22916,0.45832
472,472.0,22880,0.4576
473,473.0,22842,0.45684
474,474.0,22804,0.45608
475,475.0,22766,0.45532
476,476.0,22723,0.45446
477,477.0,22688,0.45376
478,478.0,22648,0.45296
479,479.0,22610,0.4522
480,480.0,22571,0.45142
481,481.0,22533,0.45066
482,482.0,22491,0.44982
483,483.0,22458,0.44916
484,484.0,22419,0.44838
485,485.0,22380,0.4476
486,486.0,22340,0.4468
487,487.0,22306,0.44612
488,488.0,22269,0.44538
489,489.0,22232,0.44464
490,490.0,22192,0.44384
491,491.0,22150,0.443
492,492.0,22117,0.44234
493,493.0,22079,0.44158
494,494.0,22041,0.44082
495,495.0,22003,0.44006
496,496.0,21963,0.43926
497,497.0,21927,0.43854
498,498.0,21886,0.43772
499,499.0,21851,0.43702
500,500.0,21814,0.43628
501,501.0,21772,0.43544
502,502.0,21734,0.43468
503,503.0,21700,0.434
504,504.0,21664,0.43328
505,505.0,21628,0.43256
506,506.0,21595,0.4319
507,507.0,21558,0.43116
508,508.0,21518,0.43036
509,509.0,21477,0.42954
510,510.0,21447,0.42894
511,511.0,21411,0.42822
512,512.0,21372,0.42744
513,513.0,21337,0.42674
514,514.0,21302,0.42604
515,515.0,21262,0.42524
516,516.0,21229,0.42458
517,517.0,21185,0.4237
518,518.0,21146,0.42292
519,519.0,21111,0.42222
520,520.0,21074,0.42148
521,521.0,21039,0.42078
522,522.0,21002,0.42004
523,523.0,20964,0.41928
524,524.0,20930,0.4186
525,525.0,20887,0.41774
526,526.0,20854,0.41708
527,527.0,20816,0.41632
528,528.0,20778,0.41556
529,529.0,20746,0.41492
530,530.0,20712,0.41424
531,531.0,20672,0.41344
532,532.0,20634,0.41268
533,533.0,20604,0.41208
534,534.0,20564,0.41128
535,535.0,20529,0.41058
536,536.0,20493,0.40986
537,537.0,20461,0.40922
538,538.0,20424,0.40848
539,539.0,20391,0.40782
540,540.0,20359,0.40718
541,541.0,20327,0.40654
542,542.0,20291,0.40582
543,543.0,20256,0.40512
544,544.0,20219,0.40438
545,545.0,20189,0.40378
546,546.0,20155,0.4031
547,547.0,20120,0.4024
548,548.0,20087,0.40174
549,549.0,20053,0.40106
550,550.0,20016,0.40032
551,551.0,19982,0.39964
552,552.0,19950,0.399
553,553.0,19918,0.39836
554,554.0,19884,0.39768
555,555.0,19849,0.39698
556,556.0,19814,0.39628
557,557.0,19781,0.39562
558,558.0,19746,0.39492
559,559.0,19715,0.3943
560,560.0,19674,0.39348
561,561.0,19646,0.39292
562,562.0,19612,0.39224
563,563.0,19583,0.39166
564,564.0,19540,0.3908
565,565.0,19511,0.39022
566,566.0,19479,0.38958
567,567.0,19446,0.38892
568,568.0,19409,0.38818
569,569.0,19374,0.38748
570,570.0,19343,0.38686
571,571.0,19311,0.38622
572,572.0,19270,0.3854
573,573.0,19244,0.38488
574,574.0,19208,0.38416
575,575.0,19179,0.38358
576,576.0,19145,0.3829
577,577.0,19116,0.38232
578,578.0,19079,0.38158
579,579.0,19048,0.38096
580,580.0,19017,0.38034
581,581.0,18979,0.37958
582,582.0,18955,0.3791
583,583.0,18920,0.3784
584,584.0,18889,0.37778
585,585.0,18859,0.37718
586,586.0,18830,0.3766
587,587.0,18793,0.37586
588,588.0,18766,0.37532
589,589.0,18728,0.37456
590,590.0,18697,0.37394
591,591.0,18668,0.37336
592,592.0,18631,0.37262
593,593.0,18603,0.37206
594,594.0,18571,0.37142
595,595.0,18539,0.37078
596,596.0,18506,0.37012
597,597.0,18474,0.36948
598,598.0,18442,0.36884
599,599.0,18410,0.3682
600,600.0,18380,0.3676
601,601.0,18344,0.36688
602,602.0,18315,0.3663
603,603.0,18281,0.36562
604,604.0,18252,0.36504
605,605.0,18221,0.36442
606,606.0,18189,0.36378
607,607.0,18158,0.36316
608,608.0,18125,0.3625
609,609.0,18095,0.3619
610,610.0,18065,0.3613
611,611.0,18034,0.36068
612,612.0,18002,0.36004
613,613.0,17970,0.3594
614,614.0,17942,0.35884
615,615.0,17907,0.35814
616,616.0,17872,0.35744
617,617.0,17842,0.35684
618,618.0,17812,0.35624
619,619.0,17785,0.3557
620,620.0,17748,0.35496
621,621.0,17721,0.35442
622,622.0,17691,0.35382
623,623.0,17658,0.35316
624,624.0,17627,0.35254
625,625.0,17595,0.3519
626,626.0,17567,0.35134
627,627.0,17533,0.35066
628,628.0,17498,0.34996
629,629.0,17473,0.34946
630,630.0,17440,0.3488
631,631.0,17409,0.34818
632,632.0,17378,0.34756
633,633.0,17346,0.34692
634,634.0,17315,0.3463
635,635.0,17286,0.34572
636,636.0,17247,0.34494
637,637.0,17222,0.34444
638,638.0,17185,0.3437
639,639.0,17153,0.34306
640,640.0,17123,0.34246
641,641.0,17094,0.34188
642,642.0,17059,0.34118
643,643.0,17028,0.34056
644,644.0,16999,0.33998
645,645.0,16966,0.33932
646,646.0,16933,0.33866
647,647.0,16907,0.33814
648,648.0,16875,0.3375
649,649.0,16841,0.33682
650,650.0,16812,0.33624
651,651.0,16776,0.33552
652,652.0,16747,0.33494
653,653.0,16715,0.3343
654,654.0,16686,0.33372
655,655.0,16653,0.33306
656,656.0,16624,0.33248
657,657.0,16595,0.3319
658,658.0,16566,0.33132
659,659.0,16534,0.33068
660,660.0,16505,0.3301
661,661.0,16469,0.32938
662,662.0,16442,0.32884
663,663.0,16407,0.32814
664,664.0,16381,0.32762
665,665.0,16344,0.32688
666,666.0,16311,0.32622
667,667.0,16284,0.32568
668,668.0,16254,0.32508
669,669.0,16221,0.32442
670,670.0,16192,0.32384
671,671.0,16161,0.32322
672,672.0,16123,0.32246
673,673.0,16094,0.32188
674,674.0,16063,0.32126
675,675.0,16032,0.32064
676,676.0,16001,0.32002
677,677.0,15972,0.31944
678,678.0,15940,0.3188
679,679.0,15907,0.31814
680,680.0,15881,0.31762
681,681.0,15851,0.31702
682,682.0,15819,0.31638
683,683.0,15791,0.31582
684,684.0,15759,0.31518
685,685.0,15727,0.31454
686,686.0,15699,0.31398
687,687.0,15665,0.3133
688,688.0,15641,0.31282
689,689.0,15606,0.31212
690,690.0,15578,0.31156
691,691.0,15545,0.3109
692,692.0,15514,0.31028
693,693.0,15483,0.30966
694,694.0,15455,0.3091
695,695.0,15420,0.3084
696,696.0,15391,0.30782
697,697.0,15364,0.30728
698,698.0,15333,0.30666
699,699.0,15299,0.30598
700,700.0,15274,0.30548
701,701.0,15243,0.30486
702,702.0,15214,0.30428
703,703.0,15185,0.3037
704,704.0,15157,0.30314
705,705.0,15130,0.3026
706,706.0,15099,0.30198
707,707.0,15073,0.30146
708,708.0,15044,0.30088
709,709.0,15012,0.30024
710,710.0,14986,0.29972
711,711.0,14956,0.29912
712,712.0,14923,0.29846
713,713.0,14898,0.29796
714,714.0,14868,0.29736
715,715.0,14842,0.29684
716,716.0,14814,0.29628
717,717.0,14787,0.29574
718,718.0,14757,0.29514
719,719.0,14728,0.29456
720,720.0,14701,0.29402
721,721.0,14669,0.29338
722,722.0,14644,0.29288
723,723.0,14618,0.29236
724,724.0,14590,0.2918
725,725.0,14563,0.29126
726,726.0,14537,0.29074
727,727.0,14506,0.29012
728,728.0,14481,0.28962
729,729.0,14453,0.28906
730,730.0,14424,0.28848
731,731.0,14399,0.28798
732,732.0,14370,0.2874
733,733.0,14348,0.28696
734,734.0,14321,0.28642
735,735.0,14293,0.28586
736,736.0,14269,0.28538
737,737.0,14242,0.28484
738,738.0,14214,0.28428
739,739.0,14185,0.2837
740,740.0,14157,0.28314
741,741.0,14138,0.28276
742,742.0,14111,0.28222
743,743.0,14082,0.28164
744,744.0,14054,0.28108
745,745.0,14027,0.28054
746,746.0,14001,0.28002
747,747.0,13977,0.27954
748,748.0,13950,0.279
749,749.0,13921,0.27842
750,750.0,13899,0.27798
751,751.0,13874,0.27748
752,752.0,13850,0.277
753,753.0,13820,0.2764
754,754.0,13794,0.27588
755,755.0,13771,0.27542
756,756.0,13746,0.27492
757,757.0,13719,0.27438
758,758.0,13693,0.27386
759,759.0,13666,0.27332
760,760.0,13639,0.27278
761,761.0,13618,0.27236
762,762.0,13591,0.27182
763,763.0,13564,0.27128
764,764.0,13541,0.27082
765,765.0,13514,0.27028
766,766.0,13493,0.26986
767,767.0,13463,0.26926
768,768.0,13438,0.26876
769,769.0,13414,0.26828
770,770.0,13389,0.26778
771,771.0,13366,0.26732
772,772.0,13344,0.26688
773,773.0,13318,0.26636
774,774.0,13299,0.26598
775,775.0,13274,0.26548
776,776.0,13249,0.26498
777,777.0,13229,0.26458
778,778.0,13203,0.26406
779,779.0,13183,0.26366
780,780.0,13158,0.26316
781,781.0,13136,0.26272
782,782.0,13115,0.2623
783,783.0,13092,0.26184
784,784.0,13070,0.2614
785,785.0,13048,0.26096
786,786.0,13027,0.26054
787,787.0,13007,0.26014
788,788.0,12985,0.2597
789,789.0,12964,0.25928
790,790.0,12945,0.2589
791,791.0,12921,0.25842
792,792.0,12902,0.25804
793,793.0,12881,0.25762
794,794.0,12867,0.25734
795,795.0,12848,0.25696
796,796.0,12827,0.25654
797,797.0,12804,0.25608
798,798.0,12788,0.25576
799,799.0,12767,0.25534
800,800.0,12748,0.25496
801,801.0,12726,0.25452
802,802.0,12705,0.2541
803,803.0,12688,0.25376
804,804.0,12668,0.25336
805,805.0,12651,0.25302
806,806.0,12631,0.25262
807,807.0,12611,0.25222
808,808.0,12594,0.25188
809,809.0,12577,0.25154
810,810.0,12555,0.2511
811,811.0,12537,0.25074
812,812.0,12516,0.25032
813,813.0,12501,0.25002
814,814.0,12481,0.24962
815,815.0,12461,0.24922
816,816.0,12443,0.24886
817,817.0,12420,0.2484
818,818.0,12403,0.24806
819,819.0,12386,0.24772
820,820.0,12367,0.24734
821,821.0,12348,0.24696
822,822.0,12328,0.24656
823,823.0,12311,0.24622
824,824.0,12291,0.24582
825,825.0,12270,0.2454
826,826.0,12252,0.24504
827,827.0,12236,0.24472
828,828.0,12219,0.24438
829,829.0,12196,0.24392
830,830.0,12179,0.24358
831,831.0,12161,0.24322
832,832.0,12143,0.24286
833,833.0,12123,0.24246
834,834.0,12104,0.24208
835,835.0,12086,0.24172
836,836.0,12068,0.24136
837,837.0,12051,0.24102
838,838.0,12030,0.2406
839,839.0,12012,0.24024
840,840.0,11991,0.23982
841,841.0,11971,0.23942
842,842.0,11955,0.2391
843,843.0,11938,0.23876
844,844.0,11918,0.23836
845,845.0,11902,0.23804
846,846.0,11881,0.23762
847,847.0,11861,0.23722
848,848.0,11844,0.23688
849,849.0,11829,0.23658
850,850.0,11808,0.23616
851,851.0,11793,0.23586
852,852.0,11771,0.23542
853,853.0,11754,0.23508
854,854.0,11733,0.23466
855,855.0,11715,0.2343
856,856.0,11701,0.23402
857,857.0,11681,0.23362
858,858.0,11661,0.23322
859,859.0,11642,0.23284
860,860.0,11625,0.2325
861,861.0,11607,0.23214
862,862.0,11587,0.23174
863,863.0,11571,0.23142
864,864.0,11549,0.23098
865,865.0,11531,0.23062
866,866.0,11515,0.2303
867,867.0,11492,0.22984
868,868.0,11476,0.22952
869,869.0,11459,0.22918
870,870.0,11442,0.22884
871,871.0,11425,0.2285
872,872.0,11411,0.22822
873,873.0,11394,0.22788
874,874.0,11378,0.22756
875,875.0,11361,0.22722
876,876.0,11347,0.22694
877,877.0,11331,0.22662
878,878.0,11314,0.22628
879,879.0,11300,0.226
880,880.0,11283,0.22566
881,881.0,11267,0.22534
882,882.0,11249,0.22498
883,883.0,11233,0.22466
884,884.0,11218,0.22436
885,885.0,11202,0.22404
886,886.0,11184,0.22368
887,887.0,11169,0.22338
888,888.0,11152,0.22304
889,889.0,11133,0.22266
890,890.0,11119,0.22238
891,891.0,11101,0.22202
892,892.0,11090,0.2218
893,893.0,11070,0.2214
894,894.0,11056,0.22112
895,895.0,11042,0.22084
896,896.0,11025,0.2205
897,897.0,11008,0.22016
898,898.0,10992,0.21984
899,899.0,10978,0.21956
900,900.0,10961,0.21922
901,901.0,10948,0.21896
902,902.0,10931,0.21862
903,903.0,10917,0.21834
904,904.0,10898,0.21796
905,905.0,10880,0.2176
906,906.0,10864,0.21728
907,907.0,10851,0.21702
908,908.0,10835,0.2167
909,909.0,10817,0.21634
910,910.0,10800,0.216
911,911.0,10785,0.2157
912,912.0,10770,0.2154
913,913.0,10753,0.21506
914,914.0,10739,0.21478
915,915.0,10726,0.21452
916,916.0,10708,0.21416
917,917.0,10690,0.2138
918,918.0,10677,0.21354
919,919.0,10658,0.21316
920,920.0,10647,0.21294
921,921.0,10630,0.2126
922,922.0,10618,0.21236
923,923.0,10602,0.21204
924,924.0,10586,0.21172
925,925.0,10571,0.21142
926,926.0,10558,0.21116
927,927.0,10540,0.2108
928,928.0,10525,0.2105
929,929.0,10507,0.21014
930,930.0,10498,0.20996
931,931.0,10478,0.20956
932,932.0,10466,0.20932
933,933.0,10449,0.20898
934,934.0,10433,0.20866
935,935.0,10417,0.20834
936,936.0,10402,0.20804
937,937.0,10386,0.20772
938,938.0,10372,0.20744
939,939.0,10356,0.20712
940,940.0,10343,0.20686
941,941.0,10332,0.20664
942,942.0,10311,0.20622
943,943.0,10301,0.20602
944,944.0,10284,0.20568
945,945.0,10272,0.20544
946,946.0,10256,0.20512
947,947.0,10241,0.20482
948,948.0,10227,0.20454
949,949.0,10209,0.20418
950,950.0,10196,0.20392
951,951.0,10182,0.20364
952,952.0,10168,0.20336
953,953.0,10153,0.20306
954,954.0,10139,0.20278
955,955.0,10125,0.2025
956,956.0,10109,0.20218
957,957.0,10096,0.20192
958,958.0,10081,0.20162
959,959.0,10066,0.20132
960,960.0,10053,0.20106
961,961.0,10039,0.20078
962,962.0,10023,0.20046
963,963.0,10007,0.20014
964,964.0,9995,0.1999
965,965.0,9980,0.1996
966,966.0,9968,0.19936
967,967.0,9952,0.19904
968,968.0,9939,0.19878
969,969.0,9925,0.1985
970,970.0,9910,0.1982
971,971.0,9894,0.19788
972,972.0,9880,0.1976
973,973.0,9868,0.19736
974,974.0,9852,0.19704
975,975.0,9838,0.19676
976,976.0,9824,0.19648
977,977.0,9810,0.1962
978,978.0,9796,0.19592
979,979.0,9782,0.19564
980,980.0,9768,0.19536
981,981.0,9752,0.19504
982,982.0,9738,0.19476
983,983.0,9725,0.1945
984,984.0,9711,0.19422
985,985.0,9698,0.19396
986,986.0,9681,0.19362
987,987.0,9670,0.1934
988,988.0,9656,0.19312
989,989.0,9642,0.19284
990,990.0,9627,0.19254
991,991.0,9609,0.19218
992,992.0,9598,0.19196
993,993.0,9584,0.19168
994,994.0,9569,0.19138
995,995.0,9553,0.19106
996,996.0,9541,0.19082
997,997.0,9526,0.19052
998,998.0,9512,0.19024
999,999.0,9496,0.18992
1000,1000.0,9481,0.18962
1001,1001.0,9466,0.18932
1002,1002.0,9451,0.18902
1003,1003.0,9438,0.18876
1004,1004.0,9423,0.18846
1005,1005.0,9411,0.18822
1006,1006.0,9394,0.18788
1007,1007.0,9381,0.18762
1008,1008.0,9367,0.18734
1009,1009.0,9352,0.18704
1010,1010.0,9336,0.18672
1011,1011.0,9322,0.18644
1012,1012.0,9308,0.18616
1013,1013.0,9292,0.18584
1014,1014.0,9281,0.18562
1015,1015.0,9267,0.18534
1016,1016.0,9256,0.18512
1017,1017.0,9245,0.1849
1018,1018.0,9229,0.18458
1019,1019.0,9218,0.18436
1020,1020.0,9206,0.18412
1021,1021.0,9192,0.18384
1022,1022.0,9184,0.18368
1023,1023.0,9171,0.18342
1024,1024.0,9157,0.18314
1025,1025.0,9145,0.1829
1026,1026.0,9132,0.18264
1027,1027.0,9122,0.18244
1028,1028.0,9109,0.18218
1029,1029.0,9098,0.18196
1030,1030.0,9084,0.18168
1031,1031.0,9073,0.18146
1032,1032.0,9059,0.18118
1033,1033.0,9047,0.18094
1034,1034.0,9037,0.18074
1035,1035.0,9023,0.18046
1036,1036.0,9012,0.18024
1037,1037.0,8996,0.17992
1038,1038.0,8986,0.17972
1039,1039.0,8975,0.1795
1040,1040.0,8965,0.1793
1041,1041.0,8955,0.1791
1042,1042.0,8945,0.1789
1043,1043.0,8934,0.17868
1044,1044.0,8923,0.17846
1045,1045.0,8913,0.17826
1046,1046.0,8901,0.17802
1047,1047.0,8890,0.1778
1048,1048.0,8880,0.1776
1049,1049.0,8870,0.1774
1050,1050.0,8856,0.17712
1051,1051.0,8844,0.17688
1052,1052.0,8834,0.17668
1053,1053.0,8824,0.17648
1054,1054.0,8813,0.17626
1055,1055.0,8801,0.17602
1056,1056.0,8789,0.17578
1057,1057.0,8780,0.1756
1058,1058.0,8770,0.1754
1059,1059.0,8759,0.17518
1060,1060.0,8747,0.17494
1061,1061.0,8739,0.17478
1062,1062.0,8725,0.1745
1063,1063.0,8714,0.17428
1064,1064.0,8703,0.17406
1065,1065.0,8691,0.17382
1066,1066.0,8681,0.17362
1067,1067.0,8671,0.17342
1068,1068.0,8661,0.17322
1069,1069.0,8649,0.17298
1070,1070.0,8639,0.17278
1071,1071.0,8628,0.17256
1072,1072.0,8619,0.17238
1073,1073.0,8608,0.17216
1074,1074.0,8597,0.17194
1075,1075.0,8586,0.17172
1076,1076.0,8574,0.17148
1077,1077.0,8566,0.17132
1078,1078.0,8555,0.1711
1079,1079.0,8543,0.17086
1080,1080.0,8533,0.17066
1081,1081.0,8522,0.17044
1082,1082.0,8513,0.17026
1083,1083.0,8500,0.17
1084,1084.0,8490,0.1698
1085,1085.0,8482,0.16964
1086,1086.0,8471,0.16942
1087,1087.0,8462,0.16924
1088,1088.0,8450,0.169
1089,1089.0,8440,0.1688
1090,1090.0,8430,0.1686
1091,1091.0,8421,0.16842
1092,1092.0,8411,0.16822
1093,1093.0,8402,0.16804
1094,1094.0,8391,0.16782
1095,1095.0,8380,0.1676
1096,1096.0,8370,0.1674
1097,1097.0,8361,0.16722
1098,1098.0,8349,0.16698
1099,1099.0,8340,0.1668
1100,1100.0,8331,0.16662
1101,1101.0,8321,0.16642
1102,1102.0,8310,0.1662
1103,1103.0,8301,0.16602
1104,1104.0,8290,0.1658
1105,1105.0,8282,0.16564
1106,1106.0,8271,0.16542
1107,1107.0,8263,0.16526
1108,1108.0,8251,0.16502
1109,1109.0,8243,0.16486
1110,1110.0,8234,0.16468
1111,1111.0,8224,0.16448
1112,1112.0,8215,0.1643
1113,1113.0,8204,0.16408
1114,1114.0,8194,0.16388
1115,1115.0,8185,0.1637
1116,1116.0,8175,0.1635
1117,1117.0,8166,0.16332
1118,1118.0,8156,0.16312
1119,1119.0,8144,0.16288
1120,1120.0,8134,0.16268
1121,1121.0,8126,0.16252
1122,1122.0,8118,0.16236
1123,1123.0,8107,0.16214
1124,1124.0,8100,0.162
1125,1125.0,8088,0.16176
1126,1126.0,8079,0.16158
1127,1127.0,8068,0.16136
1128,1128.0,8059,0.16118
1129,1129.0,8052,0.16104
1130,1130.0,8043,0.16086
1131,1131.0,8032,0.16064
1132,1132.0,8021,0.16042
1133,1133.0,8012,0.16024
1134,1134.0,8004,0.16008
1135,1135.0,7994,0.15988
1136,1136.0,7985,0.1597
1137,1137.0,7976,0.15952
1138,1138.0,7965,0.1593
1139,1139.0,7955,0.1591
1140,1140.0,7945,0.1589
1141,1141.0,7934,0.15868
1142,1142.0,7926,0.15852
1143,1143.0,7916,0.15832
1144,1144.0,7906,0.15812
1145,1145.0,7894,0.15788
1146,1146.0,7886,0.15772
1147,1147.0,7875,0.1575
1148,1148.0,7864,0.15728
1149,1149.0,7855,0.1571
1150,1150.0,7846,0.15692
1151,1151.0,7837,0.15674
1152,1152.0,7827,0.15654
1153,1153.0,7819,0.15638
1154,1154.0,7807,0.15614
1155,1155.0,7801,0.15602
1156,1156.0,7791,0.15582
1157,1157.0,7781,0.15562
1158,1158.0,7772,0.15544
1159,1159.0,7760,0.1552
1160,1160.0,7752,0.15504
1161,1161.0,7741,0.15482
1162,1162.0,7734,0.15468
1163,1163.0,7723,0.15446
1164,1164.0,7713,0.15426
1165,1165.0,7705,0.1541
1166,1166.0,7697,0.15394
1167,1167.0,7688,0.15376
1168,1168.0,7677,0.15354
1169,1169.0,7669,0.15338
1170,1170.0,7659,0.15318
1171,1171.0,7652,0.15304
1172,1172.0,7640,0.1528
1173,1173.0,7631,0.15262
1174,1174.0,7619,0.15238
1175,1175.0,7609,0.15218
1176,1176.0,7599,0.15198
1177,1177.0,7591,0.15182
1178,1178.0,7580,0.1516
1179,1179.0,7571,0.15142
1180,1180.0,7565,0.1513
1181,1181.0,7553,0.15106
1182,1182.0,7541,0.15082
1183,1183.0,7533,0.15066
1184,1184.0,7522,0.15044
1185,1185.0,7513,0.15026
1186,1186.0,7506,0.15012
1187,1187.0,7498,0.14996
1188,1188.0,7487,0.14974
1189,1189.0,7477,0.14954
1190,1190.0,7467,0.14934
1191,1191.0,7457,0.14914
1192,1192.0,7449,0.14898
1193,1193.0,7440,0.1488
1194,1194.0,7428,0.14856
1195,1195.0,7421,0.14842
1196,1196.0,7410,0.1482
1197,1197.0,7401,0.14802
1198,1198.0,7394,0.14788
1199,1199.0,7383,0.14766
1200,1200.0,7373,0.14746
1201,1201.0,7366,0.14732
1202,1202.0,7358,0.14716
1203,1203.0,7347,0.14694
1204,1204.0,7340,0.1468
1205,1205.0,7329,0.14658
1206,1206.0,7319,0.14638
1207,1207.0,7310,0.1462
1208,1208.0,7302,0.14604
1209,1209.0,7292,0.14584
1210,1210.0,7281,0.14562
1211,1211.0,7271,0.14542
1212,1212.0,7265,0.1453
1213,1213.0,7257,0.14514
1214,1214.0,7249,0.14498
1215,1215.0,7239,0.14478
1216,1216.0,7232,0.14464
1217,1217.0,7223,0.14446
1218,1218.0,7215,0.1443
1219,1219.0,7207,0.14414
1220,1220.0,7200,0.144
1221,1221.0,7190,0.1438
1222,1222.0,7185,0.1437
1223,1223.0,7176,0.14352
1224,1224.0,7167,0.14334
1225,1225.0,7160,0.1432
1226,1226.0,7153,0.14306
1227,1227.0,7145,0.1429
1228,1228.0,7137,0.14274
1229,1229.0,7130,0.1426
1230,1230.0,7121,0.14242
1231,1231.0,7116,0.14232
1232,1232.0,7107,0.14214
1233,1233.0,7099,0.14198
1234,1234.0,7092,0.14184
1235,1235.0,7083,0.14166
1236,1236.0,7078,0.14156
1237,1237.0,7068,0.14136
1238,1238.0,7061,0.14122
1239,1239.0,7052,0.14104
1240,1240.0,7046,0.14092
1241,1241.0,7038,0.14076
1242,1242.0,7030,0.1406
1243,1243.0,7021,0.14042
1244,1244.0,7015,0.1403
1245,1245.0,7008,0.14016
1246,1246.0,7002,0.14004
1247,1247.0,6994,0.13988
1248,1248.0,6985,0.1397
1249,1249.0,6976,0.13952
1250,1250.0,6968,0.13936
1251,1251.0,6961,0.13922
1252,1252.0,6953,0.13906
1253,1253.0,6945,0.1389
1254,1254.0,6938,0.13876
1255,1255.0,6930,0.1386
1256,1256.0,6922,0.13844
1257,1257.0,6913,0.13826
1258,1258.0,6905,0.1381
1259,1259.0,6896,0.13792
1260,1260.0,6889,0.13778
1261,1261.0,6882,0.13764
1262,1262.0,6874,0.13748
1263,1263.0,6866,0.13732
1264,1264.0,6860,0.1372
1265,1265.0,6852,0.13704
1266,1266.0,6842,0.13684
1267,1267.0,6835,0.1367
1268,1268.0,6826,0.13652
1269,1269.0,6818,0.13636
1270,1270.0,6811,0.13622
1271,1271.0,6803,0.13606
1272,1272.0,6797,0.13594
1273,1273.0,6789,0.13578
1274,1274.0,6780,0.1356
1275,1275.0,6773,0.13546
1276,1276.0,6767,0.13534
1277,1277.0,6757,0.13514
1278,1278.0,6752,0.13504
1279,1279.0,6742,0.13484
1280,1280.0,6735,0.1347
1281,1281.0,6727,0.13454
1282,1282.0,6721,0.13442
1283,1283.0,6713,0.13426
1284,1284.0,6704,0.13408
1285,1285.0,6696,0.13392
1286,1286.0,6688,0.13376
1287,1287.0,6681,0.13362
1288,1288.0,6673,0.13346
1289,1289.0,6667,0.13334
1290,1290.0,6658,0.13316
1291,1291.0,6650,0.133
1292,1292.0,6643,0.13286
1293,1293.0,6634,0.13268
1294,1294.0,6627,0.13254
1295,1295.0,6621,0.13242
1296,1296.0,6612,0.13224
1297,1297.0,6605,0.1321
1298,1298.0,6595,0.1319
1299,1299.0,6589,0.13178
1300,1300.0,6582,0.13164
1301,1301.0,6573,0.13146
1302,1302.0,6564,0.13128
1303,1303.0,6557,0.13114
1304,1304.0,6550,0.131
1305,1305.0,6542,0.13084
1306,1306.0,6532,0.13064
1307,1307.0,6526,0.13052
1308,1308.0,6519,0.13038
1309,1309.0,6509,0.13018
1310,1310.0,6503,0.13006
1311,1311.0,6495,0.1299
1312,1312.0,6486,0.12972
1313,1313.0,6477,0.12954
1314,1314.0,6469,0.12938
1315,1315.0,6462,0.12924
1316,1316.0,6453,0.12906
1317,1317.0,6445,0.1289
1318,1318.0,6439,0.12878
1319,1319.0,6431,0.12862
1320,1320.0,6422,0.12844
1321,1321.0,6415,0.1283
1322,1322.0,6408,0.12816
1323,1323.0,6401,0.12802
1324,1324.0,6391,0.12782
1325,1325.0,6384,0.12768
1326,1326.0,6376,0.12752
1327,1327.0,6368,0.12736
1328,1328.0,6360,0.1272
1329,1329.0,6355,0.1271
1330,1330.0,6345,0.1269
1331,1331.0,6340,0.1268
1332,1332.0,6331,0.12662
1333,1333.0,6324,0.12648
1334,1334.0,6315,0.1263
1335,1335.0,6309,0.12618
1336,1336.0,6301,0.12602
1337,1337.0,6296,0.12592
1338,1338.0,6287,0.12574
1339,1339.0,6278,0.12556
1340,1340.0,6271,0.12542
1341,1341.0,6263,0.12526
1342,1342.0,6256,0.12512
1343,1343.0,6250,0.125
1344,1344.0,6241,0.12482
1345,1345.0,6234,0.12468
1346,1346.0,6227,0.12454
1347,1347.0,6217,0.12434
1348,1348.0,6210,0.1242
1349,1349.0,6202,0.12404
1350,1350.0,6194,0.12388
1351,1351.0,6185,0.1237
1352,1352.0,6178,0.12356
1353,1353.0,6170,0.1234
1354,1354.0,6162,0.12324
1355,1355.0,6156,0.12312
1356,1356.0,6147,0.12294
1357,1357.0,6140,0.1228
1358,1358.0,6131,0.12262
1359,1359.0,6124,0.12248
1360,1360.0,6117,0.12234
1361,1361.0,6107,0.12214
1362,1362.0,6100,0.122
1363,1363.0,6093,0.12186
1364,1364.0,6085,0.1217
1365,1365.0,6077,0.12154
1366,1366.0,6069,0.12138
1367,1367.0,6061,0.12122
1368,1368.0,6055,0.1211
1369,1369.0,6047,0.12094
1370,1370.0,6041,0.12082
1371,1371.0,6034,0.12068
1372,1372.0,6025,0.1205
1373,1373.0,6017,0.12034
1374,1374.0,6011,0.12022
1375,1375.0,6003,0.12006
1376,1376.0,5996,0.11992
1377,1377.0,5988,0.11976
1378,1378.0,5980,0.1196
1379,1379.0,5973,0.11946
1380,1380.0,5966,0.11932
1381,1381.0,5956,0.11912
1382,1382.0,5948,0.11896
1383,1383.0,5941,0.11882
1384,1384.0,5934,0.11868
1385,1385.0,5926,0.11852
1386,1386.0,5917,0.11834
1387,1387.0,5910,0.1182
1388,1388.0,5901,0.11802
1389,1389.0,5895,0.1179
1390,1390.0,5886,0.11772
1391,1391.0,5879,0.11758
1392,1392.0,5869,0.11738
1393,1393.0,5861,0.11722
1394,1394.0,5857,0.11714
1395,1395.0,5849,0.11698
1396,1396.0,5842,0.11684
1397,1397.0,5833,0.11666
1398,1398.0,5826,0.11652
1399,1399.0,5818,0.11636
1400,1400.0,5809,0.11618
1401,1401.0,5802,0.11604
1402,1402.0,5794,0.11588
1403,1403.0,5786,0.11572
1404,1404.0,5778,0.11556
1405,1405.0,5772,0.11544
1406,1406.0,5764,0.11528
1407,1407.0,5755,0.1151
1408,1408.0,5748,0.11496
1409,1409.0,5742,0.11484
1410,1410.0,5734,0.11468
1411,1411.0,5727,0.11454
1412,1412.0,5718,0.11436
1413,1413.0,5712,0.11424
1414,1414.0,5702,0.11404
1415,1415.0,5696,0.11392
1416,1416.0,5689,0.11378
1417,1417.0,5682,0.11364
1418,1418.0,5674,0.11348
1419,1419.0,5667,0.11334
1420,1420.0,5659,0.11318
1421,1421.0,5650,0.113
1422,1422.0,5645,0.1129
1423,1423.0,5636,0.11272
1424,1424.0,5630,0.1126
1425,1425.0,5621,0.11242
1426,1426.0,5612,0.11224
1427,1427.0,5606,0.11212
1428,1428.0,5598,0.11196
1429,1429.0,5590,0.1118
1430,1430.0,5582,0.11164
1431,1431.0,5574,0.11148
1432,1432.0,5567,0.11134
1433,1433.0,5559,0.11118
1434,1434.0,5551,0.11102
1435,1435.0,5544,0.11088
1436,1436.0,5535,0.1107
1437,1437.0,5527,0.11054
1438,1438.0,5520,0.1104
1439,1439.0,5512,0.11024
1440,1440.0,5505,0.1101
1441,1441.0,5496,0.10992
1442,1442.0,5488,0.10976
1443,1443.0,5482,0.10964
1444,1444.0,5472,0.10944
1445,1445.0,5467,0.10934
1446,1446.0,5458,0.10916
1447,1447.0,5449,0.10898
1448,1448.0,5443,0.10886
1449,1449.0,5437,0.10874
1450,1450.0,5429,0.10858
1451,1451.0,5420,0.1084
1452,1452.0,5411,0.10822
1453,1453.0,5404,0.10808
1454,1454.0,5396,0.10792
1455,1455.0,5389,0.10778
1456,1456.0,5381,0.10762
1457,1457.0,5374,0.10748
1458,1458.0,5365,0.1073
1459,1459.0,5357,0.10714
1460,1460.0,5351,0.10702
1461,1461.0,5340,0.1068
1462,1462.0,5335,0.1067
1463,1463.0,5326,0.10652
1464,1464.0,5320,0.1064
1465,1465.0,5310,0.1062
1466,1466.0,5304,0.10608
1467,1467.0,5297,0.10594
1468,1468.0,5287,0.10574
1469,1469.0,5283,0.10566
1470,1470.0,5273,0.10546
1471,1471.0,5267,0.10534
1472,1472.0,5259,0.10518
1473,1473.0,5251,0.10502
1474,1474.0,5243,0.10486
1475,1475.0,5235,0.1047
1476,1476.0,5228,0.10456
1477,1477.0,5221,0.10442
1478,1478.0,5212,0.10424
1479,1479.0,5205,0.1041
1480,1480.0,5196,0.10392
1481,1481.0,5190,0.1038
1482,1482.0,5183,0.10366
1483,1483.0,5174,0.10348
1484,1484.0,5168,0.10336
1485,1485.0,5159,0.10318
1486,1486.0,5153,0.10306
1487,1487.0,5143,0.10286
1488,1488.0,5137,0.10274
1489,1489.0,5129,0.10258
1490,1490.0,5122,0.10244
1491,1491.0,5115,0.1023
1492,1492.0,5109,0.10218
1493,1493.0,5101,0.10202
1494,1494.0,5094,0.10188
1495,1495.0,5086,0.10172
1496,1496.0,5077,0.10154
1497,1497.0,5069,0.10138
1498,1498.0,5062,0.10124
1499,1499.0,5055,0.1011
1500,1500.0,5047,0.10094
1501,1501.0,5041,0.10082
1502,1502.0,5035,0.1007
1503,1503.0,5025,0.1005
1504,1504.0,5018,0.10036
1505,1505.0,5010,0.1002
1506,1506.0,5004,0.10008
1507,1507.0,4996,0.09992
1508,1508.0,4986,0.09972
1509,1509.0,4979,0.09958
1510,1510.0,4972,0.09944
1511,1511.0,4963,0.09926
1512,1512.0,4956,0.09912
1513,1513.0,4950,0.099
1514,1514.0,4942,0.09884
1515,1515.0,4937,0.09874
1516,1516.0,4930,0.0986
1517,1517.0,4925,0.0985
1518,1518.0,4919,0.09838
1519,1519.0,4913,0.09826
1520,1520.0,4910,0.0982
1521,1521.0,4904,0.09808
1522,1522.0,4898,0.09796
1523,1523.0,4890,0.0978
1524,1524.0,4886,0.09772
1525,1525.0,4881,0.09762
1526,1526.0,4874,0.09748
1527,1527.0,4868,0.09736
1528,1528.0,4862,0.09724
1529,1529.0,4857,0.09714
1530,1530.0,4851,0.09702
1531,1531.0,4845,0.0969
1532,1532.0,4839,0.09678
1533,1533.0,4835,0.0967
1534,1534.0,4829,0.09658
1535,1535.0,4821,0.09642
1536,1536.0,4816,0.09632
1537,1537.0,4811,0.09622
1538,1538.0,4807,0.09614
1539,1539.0,4801,0.09602
1540,1540.0,4794,0.09588
1541,1541.0,4789,0.09578
1542,1542.0,4783,0.09566
1543,1543.0,4776,0.09552
1544,1544.0,4771,0.09542
1545,1545.0,4765,0.0953
1546,1546.0,4760,0.0952
1547,1547.0,4754,0.09508
1548,1548.0,4748,0.09496
1549,1549.0,4743,0.09486
1550,1550.0,4737,0.09474
1551,1551.0,4731,0.09462
1552,1552.0,4726,0.09452
1553,1553.0,4721,0.09442
1554,1554.0,4713,0.09426
1555,1555.0,4708,0.09416
1556,1556.0,4704,0.09408
1557,1557.0,4700,0.094
1558,1558.0,4692,0.09384
1559,1559.0,4688,0.09376
1560,1560.0,4682,0.09364
1561,1561.0,4675,0.0935
1562,1562.0,4669,0.09338
1563,1563.0,4664,0.09328
1564,1564.0,4657,0.09314
1565,1565.0,4654,0.09308
1566,1566.0,4647,0.09294
1567,1567.0,4643,0.09286
1568,1568.0,4635,0.0927
1569,1569.0,4630,0.0926
1570,1570.0,4623,0.09246
1571,1571.0,4617,0.09234
1572,1572.0,4612,0.09224
1573,1573.0,4605,0.0921
1574,1574.0,4601,0.09202
1575,1575.0,4595,0.0919
1576,1576.0,4589,0.09178
1577,1577.0,4583,0.09166
1578,1578.0,4577,0.09154
1579,1579.0,4572,0.09144
1580,1580.0,4567,0.09134
1581,1581.0,4562,0.09124
1582,1582.0,4556,0.09112
1583,1583.0,4550,0.091
1584,1584.0,4544,0.09088
1585,1585.0,4540,0.0908
1586,1586.0,4536,0.09072
1587,1587.0,4529,0.09058
1588,1588.0,4523,0.09046
1589,1589.0,4518,0.09036
1590,1590.0,4512,0.09024
1591,1591.0,4507,0.09014
1592,1592.0,4501,0.09002
1593,1593.0,4495,0.0899
1594,1594.0,4490,0.0898
1595,1595.0,4483,0.08966
1596,1596.0,4479,0.08958
1597,1597.0,4472,0.08944
1598,1598.0,4466,0.08932
1599,1599.0,4461,0.08922
1600,1600.0,4454,0.08908
1601,1601.0,4449,0.08898
1602,1602.0,4442,0.08884
1603,1603.0,4438,0.08876
1604,1604.0,4432,0.08864
1605,1605.0,4427,0.08854
1606,1606.0,4422,0.08844
1607,1607.0,4414,0.08828
1608,1608.0,4409,0.08818
1609,1609.0,4403,0.08806
1610,1610.0,4399,0.08798
1611,1611.0,4391,0.08782
1612,1612.0,4386,0.08772
1613,1613.0,4380,0.0876
1614,1614.0,4374,0.08748
1615,1615.0,4370,0.0874
1616,1616.0,4363,0.08726
1617,1617.0,4357,0.08714
1618,1618.0,4350,0.087
1619,1619.0,4345,0.0869
1620,1620.0,4339,0.08678
1621,1621.0,4334,0.08668
1622,1622.0,4328,0.08656
1623,1623.0,4322,0.08644
1624,1624.0,4316,0.08632
1625,1625.0,4309,0.08618
1626,1626.0,4305,0.0861
1627,1627.0,4300,0.086
1628,1628.0,4293,0.08586
1629,1629.0,4288,0.08576
1630,1630.0,4281,0.08562
1631,1631.0,4276,0.08552
1632,1632.0,4270,0.0854
1633,1633.0,4263,0.08526
1634,1634.0,4257,0.08514
1635,1635.0,4251,0.08502
1636,1636.0,4246,0.08492
1637,1637.0,4240,0.0848
1638,1638.0,4235,0.0847
1639,1639.0,4229,0.08458
1640,1640.0,4224,0.08448
1641,1641.0,4218,0.08436
1642,1642.0,4210,0.0842
1643,1643.0,4204,0.08408
1644,1644.0,4199,0.08398
1645,1645.0,4193,0.08386
1646,1646.0,4189,0.08378
1647,1647.0,4182,0.08364
1648,1648.0,4177,0.08354
1649,1649.0,4170,0.0834
1650,1650.0,4165,0.0833
1651,1651.0,4159,0.08318
1652,1652.0,4153,0.08306
1653,1653.0,4147,0.08294
1654,1654.0,4142,0.08284
1655,1655.0,4136,0.08272
1656,1656.0,4130,0.0826
1657,1657.0,4124,0.08248
1658,1658.0,4120,0.0824
1659,1659.0,4112,0.08224
1660,1660.0,4108,0.08216
1661,1661.0,4102,0.08204
1662,1662.0,4097,0.08194
1663,1663.0,4090,0.0818
1664,1664.0,4085,0.0817
1665,1665.0,4078,0.08156
1666,1666.0,4072,0.08144
1667,1667.0,4066,0.08132
1668,1668.0,4060,0.0812
1669,1669.0,4055,0.0811
1670,1670.0,4048,0.08096
1671,1671.0,4043,0.08086
1672,1672.0,4035,0.0807
1673,1673.0,4031,0.08062
1674,1674.0,4025,0.0805
1675,1675.0,4020,0.0804
1676,1676.0,4014,0.08028
1677,1677.0,4009,0.08018
1678,1678.0,4003,0.08006
1679,1679.0,3997,0.07994
1680,1680.0,3990,0.0798
1681,1681.0,3986,0.07972
1682,1682.0,3978,0.07956
1683,1683.0,3974,0.07948
1684,1684.0,3968,0.07936
1685,1685.0,3964,0.07928
1686,1686.0,3955,0.0791
1687,1687.0,3950,0.079
1688,1688.0,3943,0.07886
1689,1689.0,3938,0.07876
1690,1690.0,3933,0.07866
1691,1691.0,3926,0.07852
1692,1692.0,3920,0.0784
1693,1693.0,3915,0.0783
1694,1694.0,3909,0.07818
1695,1695.0,3904,0.07808
1696,1696.0,3897,0.07794
1697,1697.0,3893,0.07786
1698,1698.0,3887,0.07774
1699,1699.0,3881,0.07762
1700,1700.0,3875,0.0775
1701,1701.0,3868,0.07736
1702,1702.0,3865,0.0773
1703,1703.0,3859,0.07718
1704,1704.0,3854,0.07708
1705,1705.0,3847,0.07694
1706,1706.0,3840,0.0768
1707,1707.0,3836,0.07672
1708,1708.0,3831,0.07662
1709,1709.0,3826,0.07652
1710,1710.0,3818,0.07636
1711,1711.0,3812,0.07624
1712,1712.0,3807,0.07614
1713,1713.0,3801,0.07602
1714,1714.0,3795,0.0759
1715,1715.0,3790,0.0758
1716,1716.0,3784,0.07568
1717,1717.0,3778,0.07556
1718,1718.0,3773,0.07546
1719,1719.0,3767,0.07534
1720,1720.0,3760,0.0752
1721,1721.0,3755,0.0751
1722,1722.0,3750,0.075
1723,1723.0,3743,0.07486
1724,1724.0,3739,0.07478
1725,1725.0,3731,0.07462
1726,1726.0,3726,0.07452
1727,1727.0,3722,0.07444
1728,1728.0,3716,0.07432
1729,1729.0,3710,0.0742
1730,1730.0,3704,0.07408
1731,1731.0,3697,0.07394
1732,1732.0,3693,0.07386
1733,1733.0,3687,0.07374
1734,1734.0,3681,0.07362
1735,1735.0,3674,0.07348
1736,1736.0,3668,0.07336
1737,1737.0,3664,0.07328
1738,1738.0,3657,0.07314
1739,1739.0,3652,0.07304
1740,1740.0,3644,0.07288
1741,1741.0,3639,0.07278
1742,1742.0,3633,0.07266
1743,1743.0,3629,0.07258
1744,1744.0,3623,0.07246
1745,1745.0,3616,0.07232
1746,1746.0,3610,0.0722
1747,1747.0,3605,0.0721
1748,1748.0,3599,0.07198
1749,1749.0,3593,0.07186
1750,1750.0,3587,0.07174
1751,1751.0,3581,0.07162
1752,1752.0,3576,0.07152
1753,1753.0,3569,0.07138
1754,1754.0,3563,0.07126
1755,1755.0,3560,0.0712
1756,1756.0,3553,0.07106
1757,1757.0,3546,0.07092
1758,1758.0,3540,0.0708
1759,1759.0,3534,0.07068
1760,1760.0,3528,0.07056
1761,1761.0,3523,0.07046
1762,1762.0,3517,0.07034
1763,1763.0,3511,0.07022
1764,1764.0,3506,0.07012
1765,1765.0,3501,0.07002
1766,1766.0,3493,0.06986
1767,1767.0,3487,0.06974
1768,1768.0,3481,0.06962
1769,1769.0,3475,0.0695
1770,1770.0,3470,0.0694
1771,1771.0,3462,0.06924
1772,1772.0,3457,0.06914
1773,1773.0,3451,0.06902
1774,1774.0,3444,0.06888
1775,1775.0,3440,0.0688
1776,1776.0,3435,0.0687
1777,1777.0,3428,0.06856
1778,1778.0,3423,0.06846
1779,1779.0,3416,0.06832
1780,1780.0,3409,0.06818
1781,1781.0,3404,0.06808
1782,1782.0,3399,0.06798
1783,1783.0,3392,0.06784
1784,1784.0,3386,0.06772
1785,1785.0,3381,0.06762
1786,1786.0,3374,0.06748
1787,1787.0,3369,0.06738
1788,1788.0,3364,0.06728
1789,1789.0,3358,0.06716
1790,1790.0,3350,0.067
1791,1791.0,3346,0.06692
1792,1792.0,3341,0.06682
1793,1793.0,3335,0.0667
1794,1794.0,3327,0.06654
1795,1795.0,3320,0.0664
1796,1796.0,3314,0.06628
1797,1797.0,3309,0.06618
1798,1798.0,3302,0.06604
1799,1799.0,3297,0.06594
1800,1800.0,3290,0.0658
1801,1801.0,3284,0.06568
1802,1802.0,3278,0.06556
1803,1803.0,3273,0.06546
1804,1804.0,3267,0.06534
1805,1805.0,3260,0.0652
1806,1806.0,3255,0.0651
1807,1807.0,3247,0.06494
1808,1808.0,3242,0.06484
1809,1809.0,3237,0.06474
1810,1810.0,3231,0.06462
1811,1811.0,3224,0.06448
1812,1812.0,3218,0.06436
1813,1813.0,3213,0.06426
1814,1814.0,3205,0.0641
1815,1815.0,3200,0.064
1816,1816.0,3194,0.06388
1817,1817.0,3189,0.06378
1818,1818.0,3183,0.06366
1819,1819.0,3177,0.06354
1820,1820.0,3172,0.06344
1821,1821.0,3167,0.06334
1822,1822.0,3161,0.06322
1823,1823.0,3154,0.06308
1824,1824.0,3148,0.06296
1825,1825.0,3141,0.06282
1826,1826.0,3135,0.0627
1827,1827.0,3130,0.0626
1828,1828.0,3124,0.06248
1829,1829.0,3117,0.06234
1830,1830.0,3112,0.06224
1831,1831.0,3107,0.06214
1832,1832.0,3101,0.06202
1833,1833.0,3094,0.06188
1834,1834.0,3087,0.06174
1835,1835.0,3083,0.06166
1836,1836.0,3076,0.06152
1837,1837.0,3070,0.0614
1838,1838.0,3064,0.06128
1839,1839.0,3059,0.06118
1840,1840.0,3053,0.06106
1841,1841.0,3046,0.06092
1842,1842.0,3039,0.06078
1843,1843.0,3034,0.06068
1844,1844.0,3029,0.06058
1845,1845.0,3022,0.06044
1846,1846.0,3017,0.06034
1847,1847.0,3010,0.0602
1848,1848.0,3005,0.0601
1849,1849.0,2998,0.05996
1850,1850.0,2993,0.05986
1851,1851.0,2989,0.05978
1852,1852.0,2982,0.05964
1853,1853.0,2977,0.05954
1854,1854.0,2973,0.05946
1855,1855.0,2965,0.0593
1856,1856.0,2959,0.05918
1857,1857.0,2954,0.05908
1858,1858.0,2947,0.05894
1859,1859.0,2940,0.0588
1860,1860.0,2934,0.05868
1861,1861.0,2929,0.05858
1862,1862.0,2923,0.05846
1863,1863.0,2918,0.05836
1864,1864.0,2911,0.05822
1865,1865.0,2903,0.05806
1866,1866.0,2899,0.05798
1867,1867.0,2893,0.05786
1868,1868.0,2886,0.05772
1869,1869.0,2880,0.0576
1870,1870.0,2875,0.0575
1871,1871.0,2868,0.05736
1872,1872.0,2863,0.05726
1873,1873.0,2858,0.05716
1874,1874.0,2852,0.05704
1875,1875.0,2846,0.05692
1876,1876.0,2839,0.05678
1877,1877.0,2834,0.05668
1878,1878.0,2827,0.05654
1879,1879.0,2823,0.05646
1880,1880.0,2817,0.05634
1881,1881.0,2812,0.05624
1882,1882.0,2804,0.05608
1883,1883.0,2800,0.056
1884,1884.0,2793,0.05586
1885,1885.0,2787,0.05574
1886,1886.0,2781,0.05562
1887,1887.0,2776,0.05552
1888,1888.0,2771,0.05542
1889,1889.0,2764,0.05528
1890,1890.0,2761,0.05522
1891,1891.0,2754,0.05508
1892,1892.0,2749,0.05498
1893,1893.0,2742,0.05484
1894,1894.0,2736,0.05472
1895,1895.0,2730,0.0546
1896,1896.0,2722,0.05444
1897,1897.0,2717,0.05434
1898,1898.0,2711,0.05422
1899,1899.0,2706,0.05412
1900,1900.0,2700,0.054
1901,1901.0,2695,0.0539
1902,1902.0,2688,0.05376
1903,1903.0,2682,0.05364
1904,1904.0,2678,0.05356
1905,1905.0,2670,0.0534
1906,1906.0,2665,0.0533
1907,1907.0,2659,0.05318
1908,1908.0,2653,0.05306
1909,1909.0,2647,0.05294
1910,1910.0,2642,0.05284
1911,1911.0,2634,0.05268
1912,1912.0,2628,0.05256
1913,1913.0,2624,0.05248
1914,1914.0,2618,0.05236
1915,1915.0,2612,0.05224
1916,1916.0,2605,0.0521
1917,1917.0,2599,0.05198
1918,1918.0,2592,0.05184
1919,1919.0,2588,0.05176
1920,1920.0,2581,0.05162
1921,1921.0,2576,0.05152
1922,1922.0,2569,0.05138
1923,1923.0,2564,0.05128
1924,1924.0,2558,0.05116
1925,1925.0,2552,0.05104
1926,1926.0,2546,0.05092
1927,1927.0,2539,0.05078
1928,1928.0,2536,0.05072
1929,1929.0,2528,0.05056
1930,1930.0,2523,0.05046
1931,1931.0,2516,0.05032
1932,1932.0,2509,0.05018
1933,1933.0,2504,0.05008
1934,1933.7,2500,0.05
