Generation,Run_ID,Final_Fitness,Evac_Score,Cost_Score,Solution_Widths
1,1,910.8884194855175,568.5174194855175,3423.71,"[0.0, 2.0, 0.0, 4.0, 4.0, 0.0, 4.0, 2.0, 2.0, 4.0, 0.0, 0.0, 0.0, 2.0, 4.0, 0.0]"
1,2,982.6370255856342,542.6170255856342,4400.2,"[4.0, 4.0, 4.0, 2.0, 4.0, 0.0, 2.0, 0.0, 0.0, 4.0, 4.0, 2.0, 4.0, 0.0, 0.0, 4.0]"
1,3,977.98606353386,568.6690635338599,4093.1700000000005,"[0.0, 4.0, 0.0, 4.0, 2.0, 4.0, 0.0, 4.0, 2.0, 4.0, 2.0, 2.0, 0.0, 2.0, 4.0, 0.0]"
1,4,994.2969413988659,562.6389413988658,4316.580000000001,"[4.0, 2.0, 2.0, 2.0, 2.0, 4.0, 0.0, 4.0, 4.0, 0.0, 0.0, 4.0, 4.0, 0.0, 0.0, 4.0]"
1,5,980.9986909471412,557.4056909471411,4235.93,"[4.0, 0.0, 4.0, 0.0, 2.0, 4.0, 2.0, 4.0, 4.0, 4.0, 0.0, 4.0, 2.0, 0.0, 0.0, 2.0]"
1,6,969.665636510937,541.731636510937,4279.34,"[2.0, 4.0, 2.0, 2.0, 2.0, 2.0, 4.0, 0.0, 4.0, 4.0, 0.0, 2.0, 4.0, 0.0, 4.0, 0.0]"
1,7,896.1260230234286,546.7690230234285,3493.5700000000006,"[0.0, 2.0, 2.0, 2.0, 0.0, 0.0, 4.0, 4.0, 2.0, 2.0, 4.0, 2.0, 4.0, 0.0, 4.0, 2.0]"
1,8,926.0040538113565,553.0730538113564,3729.31,"[0.0, 4.0, 0.0, 4.0, 0.0, 4.0, 2.0, 0.0, 0.0, 4.0, 4.0, 2.0, 2.0, 2.0, 4.0, 2.0]"
1,9,926.8439423401526,531.0139423401525,3958.3,"[4.0, 0.0, 2.0, 0.0, 0.0, 4.0, 2.0, 4.0, 4.0, 4.0, 0.0, 0.0, 2.0, 4.0, 4.0, 2.0]"
1,10,857.9340440213356,530.7680440213355,3271.6600000000003,"[4.0, 2.0, 2.0, 0.0, 2.0, 0.0, 4.0, 0.0, 2.0, 2.0, 0.0, 2.0, 0.0, 4.0, 2.0, 2.0]"
1,11,889.2998281682534,569.0948281682533,3202.05,"[2.0, 4.0, 0.0, 4.0, 0.0, 0.0, 4.0, 2.0, 2.0, 0.0, 2.0, 2.0, 2.0, 0.0, 4.0, 0.0]"
1,12,899.8454509486191,552.4114509486192,3474.34,"[4.0, 0.0, 0.0, 4.0, 0.0, 0.0, 0.0, 4.0, 2.0, 2.0, 4.0, 4.0, 2.0, 2.0, 4.0, 2.0]"
1,13,846.6018471406389,548.8238471406388,2977.7800000000007,"[2.0, 0.0, 0.0, 4.0, 2.0, 0.0, 2.0, 0.0, 2.0, 0.0, 0.0, 4.0, 4.0, 2.0, 2.0, 2.0]"
1,14,939.9740155944105,533.9130155944104,4060.6100000000006,"[0.0, 2.0, 4.0, 4.0, 2.0, 4.0, 0.0, 2.0, 2.0, 4.0, 0.0, 2.0, 4.0, 2.0, 2.0, 0.0]"
1,15,944.9814352170685,575.7144352170684,3692.6700000000005,"[0.0, 4.0, 0.0, 4.0, 4.0, 0.0, 2.0, 4.0, 2.0, 2.0, 2.0, 2.0, 2.0, 0.0, 2.0, 0.0]"
1,16,918.2072933630411,574.605293363041,3436.0200000000004,"[0.0, 4.0, 0.0, 4.0, 4.0, 0.0, 0.0, 4.0, 2.0, 2.0, 2.0, 0.0, 0.0, 2.0, 2.0, 4.0]"
1,17,1014.6814215891447,558.6354215891447,4560.460000000001,"[0.0, 4.0, 4.0, 4.0, 4.0, 4.0, 2.0, 2.0, 4.0, 2.0, 4.0, 0.0, 2.0, 0.0, 4.0, 2.0]"
1,18,991.3891066702674,552.0351066702674,4393.54,"[4.0, 4.0, 0.0, 2.0, 4.0, 4.0, 0.0, 0.0, 0.0, 0.0, 4.0, 2.0, 4.0, 4.0, 2.0, 2.0]"
1,19,844.7621101883735,524.5881101883735,3201.7400000000002,"[2.0, 2.0, 2.0, 0.0, 0.0, 0.0, 4.0, 0.0, 2.0, 2.0, 0.0, 4.0, 4.0, 4.0, 2.0, 0.0]"
1,20,972.128964693175,533.6709646931749,4384.580000000001,"[4.0, 2.0, 4.0, 2.0, 2.0, 4.0, 4.0, 4.0, 2.0, 2.0, 4.0, 0.0, 2.0, 4.0, 0.0, 0.0]"
1,21,1142.4748628907041,550.6868628907041,5917.880000000001,"[4.0, 4.0, 0.0, 4.0, 4.0, 4.0, 4.0, 4.0, 2.0, 0.0, 0.0, 2.0, 4.0, 4.0, 4.0, 2.0]"
1,22,1006.939994734355,535.905994734355,4710.34,"[4.0, 2.0, 4.0, 4.0, 4.0, 4.0, 2.0, 0.0, 4.0, 4.0, 2.0, 2.0, 0.0, 4.0, 0.0, 4.0]"
1,23,986.0755579260059,545.6535579260059,4404.22,"[2.0, 2.0, 0.0, 2.0, 2.0, 0.0, 4.0, 2.0, 0.0, 4.0, 2.0, 4.0, 4.0, 4.0, 2.0, 4.0]"
1,24,875.6736695699142,535.6536695699142,3400.2000000000003,"[0.0, 2.0, 2.0, 4.0, 2.0, 4.0, 2.0, 0.0, 0.0, 4.0, 4.0, 0.0, 4.0, 4.0, 0.0, 0.0]"
2,25,843.5910211329417,523.4170211329417,3201.7400000000002,"[2.0, 2.0, 2.0, 0.0, 0.0, 0.0, 4.0, 0.0, 2.0, 2.0, 0.0, 4.0, 4.0, 4.0, 2.0, 0.0]"
2,26,847.9241751400987,550.1461751400985,2977.7800000000007,"[2.0, 0.0, 0.0, 4.0, 2.0, 0.0, 2.0, 0.0, 2.0, 0.0, 0.0, 4.0, 4.0, 2.0, 2.0, 2.0]"
2,27,947.3389556410775,552.1869556410775,3951.5200000000004,"[2.0, 2.0, 0.0, 4.0, 2.0, 4.0, 2.0, 0.0, 2.0, 4.0, 0.0, 2.0, 4.0, 4.0, 0.0, 2.0]"
2,28,864.3078006211601,564.32280062116,2999.8500000000004,"[0.0, 2.0, 0.0, 4.0, 2.0, 0.0, 0.0, 4.0, 2.0, 0.0, 2.0, 4.0, 0.0, 2.0, 4.0, 0.0]"
2,29,882.8462557558573,548.6922557558572,3341.5400000000004,"[2.0, 0.0, 0.0, 0.0, 4.0, 0.0, 2.0, 2.0, 2.0, 2.0, 0.0, 4.0, 4.0, 2.0, 2.0, 0.0]"
2,30,889.9361207129355,526.3261207129354,3636.1000000000004,"[2.0, 2.0, 4.0, 4.0, 2.0, 0.0, 0.0, 0.0, 2.0, 0.0, 0.0, 4.0, 4.0, 4.0, 2.0, 2.0]"
2,31,804.6498123016678,558.9798123016677,2456.7000000000003,"[0.0, 4.0, 0.0, 4.0, 2.0, 0.0, 0.0, 0.0, 2.0, 2.0, 2.0, 0.0, 0.0, 2.0, 2.0, 4.0]"
2,32,861.5407507933294,573.5807507933293,2879.6000000000004,"[0.0, 2.0, 0.0, 4.0, 4.0, 0.0, 4.0, 2.0, 2.0, 4.0, 0.0, 0.0, 0.0, 2.0, 0.0, 0.0]"
2,33,970.0656618957603,563.2336618957602,4068.3200000000006,"[2.0, 2.0, 2.0, 0.0, 2.0, 4.0, 2.0, 4.0, 0.0, 4.0, 0.0, 4.0, 2.0, 0.0, 0.0, 2.0]"
2,34,747.5571841749933,521.7061841749933,2258.51,"[0.0, 0.0, 4.0, 4.0, 0.0, 0.0, 2.0, 0.0, 0.0, 4.0, 4.0, 0.0, 4.0, 4.0, 0.0, 0.0]"
2,35,924.7865046249409,563.0665046249409,3617.2000000000003,"[2.0, 4.0, 0.0, 2.0, 0.0, 2.0, 2.0, 0.0, 2.0, 4.0, 0.0, 2.0, 4.0, 0.0, 4.0, 2.0]"
2,36,920.7729474039566,531.6889474039565,3890.84,"[0.0, 4.0, 2.0, 4.0, 2.0, 2.0, 4.0, 0.0, 4.0, 2.0, 4.0, 2.0, 2.0, 2.0, 4.0, 0.0]"
2,37,1012.3767103220146,535.2067103220145,4771.7,"[2.0, 4.0, 4.0, 4.0, 0.0, 2.0, 4.0, 4.0, 4.0, 2.0, 4.0, 4.0, 2.0, 2.0, 2.0, 2.0]"
2,38,861.9950552967389,568.1710552967389,2938.2400000000002,"[2.0, 0.0, 0.0, 2.0, 4.0, 0.0, 4.0, 0.0, 2.0, 4.0, 0.0, 2.0, 4.0, 0.0, 0.0, 0.0]"
2,39,914.5191874957802,572.8931874957802,3416.26,"[0.0, 4.0, 0.0, 4.0, 0.0, 0.0, 4.0, 4.0, 2.0, 2.0, 2.0, 2.0, 2.0, 0.0, 4.0, 0.0]"
2,40,865.834183444737,524.853183444737,3409.81,"[2.0, 2.0, 2.0, 0.0, 2.0, 0.0, 2.0, 0.0, 2.0, 0.0, 0.0, 4.0, 4.0, 4.0, 4.0, 0.0]"
2,41,953.970709405172,547.4637094051719,4065.0700000000006,"[4.0, 4.0, 0.0, 2.0, 4.0, 0.0, 0.0, 0.0, 0.0, 0.0, 4.0, 4.0, 4.0, 4.0, 2.0, 2.0]"
2,42,898.2399025048951,533.203902504895,3650.36,"[0.0, 0.0, 2.0, 4.0, 2.0, 4.0, 2.0, 0.0, 2.0, 0.0, 0.0, 4.0, 4.0, 4.0, 2.0, 2.0]"
2,43,1004.3050910072914,535.5710910072913,4687.34,"[4.0, 0.0, 2.0, 4.0, 2.0, 4.0, 0.0, 4.0, 2.0, 2.0, 4.0, 4.0, 2.0, 4.0, 4.0, 0.0]"
2,44,881.9151785834852,546.3051785834851,3356.1000000000004,"[0.0, 2.0, 2.0, 4.0, 0.0, 4.0, 2.0, 4.0, 0.0, 4.0, 4.0, 0.0, 2.0, 2.0, 0.0, 2.0]"
2,45,933.1069989197218,572.6559989197218,3604.51,"[2.0, 0.0, 0.0, 2.0, 0.0, 2.0, 4.0, 4.0, 2.0, 2.0, 4.0, 4.0, 2.0, 0.0, 4.0, 2.0]"
2,46,795.8167153467018,549.3557153467017,2464.6100000000006,"[4.0, 2.0, 0.0, 0.0, 0.0, 0.0, 0.0, 2.0, 0.0, 0.0, 2.0, 2.0, 2.0, 2.0, 4.0, 0.0]"
2,47,966.0321336753984,556.0851336753983,4099.47,"[2.0, 0.0, 0.0, 4.0, 2.0, 2.0, 4.0, 4.0, 2.0, 0.0, 0.0, 2.0, 4.0, 2.0, 4.0, 2.0]"
2,48,944.2711675106341,546.529167510634,3977.4200000000005,"[2.0, 4.0, 2.0, 0.0, 2.0, 0.0, 4.0, 0.0, 4.0, 4.0, 0.0, 4.0, 4.0, 0.0, 2.0, 2.0]"
3,49,748.6727661355658,522.8217661355658,2258.51,"[0.0, 0.0, 4.0, 4.0, 0.0, 0.0, 2.0, 0.0, 0.0, 4.0, 4.0, 0.0, 4.0, 4.0, 0.0, 0.0]"
3,50,795.9165398014989,549.4555398014988,2464.6100000000006,"[4.0, 2.0, 0.0, 0.0, 0.0, 0.0, 0.0, 2.0, 0.0, 0.0, 2.0, 2.0, 2.0, 2.0, 4.0, 0.0]"
3,51,841.6290199176289,533.1550199176288,3084.7400000000002,"[0.0, 0.0, 2.0, 4.0, 2.0, 4.0, 2.0, 0.0, 2.0, 0.0, 0.0, 0.0, 4.0, 4.0, 2.0, 2.0]"
3,52,911.9356306799,536.2696306799,3756.66,"[0.0, 2.0, 2.0, 4.0, 2.0, 4.0, 0.0, 0.0, 2.0, 0.0, 0.0, 4.0, 4.0, 4.0, 2.0, 2.0]"
3,53,867.9663737087301,560.81537370873,3071.51,"[4.0, 2.0, 0.0, 4.0, 2.0, 0.0, 0.0, 2.0, 4.0, 0.0, 2.0, 2.0, 0.0, 2.0, 2.0, 4.0]"
3,54,753.2513517017828,546.3243517017828,2069.27,"[0.0, 4.0, 0.0, 0.0, 0.0, 0.0, 0.0, 0.0, 2.0, 4.0, 2.0, 0.0, 2.0, 2.0, 4.0, 0.0]"
3,55,878.4393697252043,541.4843697252043,3369.55,"[4.0, 0.0, 2.0, 0.0, 2.0, 0.0, 4.0, 0.0, 2.0, 2.0, 2.0, 4.0, 4.0, 0.0, 2.0, 2.0]"
3,56,871.9103662143003,548.1163662143002,3237.9400000000005,"[2.0, 2.0, 2.0, 4.0, 2.0, 2.0, 0.0, 2.0, 2.0, 0.0, 0.0, 4.0, 0.0, 2.0, 2.0, 0.0]"
3,57,807.1012750658294,545.4662750658294,2616.3500000000004,"[0.0, 2.0, 0.0, 2.0, 2.0, 0.0, 0.0, 0.0, 0.0, 0.0, 2.0, 0.0, 4.0, 4.0, 4.0, 4.0]"
3,58,925.4299467998919,548.423946799892,3770.06,"[0.0, 0.0, 4.0, 4.0, 2.0, 4.0, 2.0, 4.0, 0.0, 4.0, 4.0, 4.0, 0.0, 2.0, 0.0, 0.0]"
3,59,868.8739919654313,567.6289919654312,3012.4500000000003,"[0.0, 2.0, 0.0, 4.0, 4.0, 0.0, 0.0, 4.0, 2.0, 2.0, 0.0, 0.0, 2.0, 2.0, 2.0, 0.0]"
3,60,831.8002024846398,560.7912024846398,2710.09,"[0.0, 0.0, 0.0, 4.0, 2.0, 0.0, 2.0, 2.0, 2.0, 2.0, 2.0, 4.0, 0.0, 2.0, 2.0, 2.0]"
3,61,712.0351426256077,555.3861426256077,1566.4900000000002,"[0.0, 2.0, 0.0, 0.0, 0.0, 0.0, 0.0, 2.0, 4.0, 2.0, 0.0, 2.0, 2.0, 2.0, 0.0, 0.0]"
3,62,971.5401349672541,566.291134967254,4052.4900000000002,"[2.0, 2.0, 0.0, 4.0, 4.0, 0.0, 4.0, 2.0, 2.0, 4.0, 2.0, 0.0, 0.0, 2.0, 4.0, 4.0]"
3,63,850.6079341074806,524.5479341074805,3260.6000000000004,"[0.0, 4.0, 4.0, 4.0, 0.0, 0.0, 2.0, 0.0, 0.0, 4.0, 4.0, 0.0, 4.0, 4.0, 0.0, 4.0]"
3,64,914.1931680507732,555.7011680507732,3584.9200000000005,"[2.0, 2.0, 2.0, 0.0, 4.0, 0.0, 4.0, 2.0, 2.0, 4.0, 0.0, 0.0, 4.0, 0.0, 2.0, 0.0]"
3,65,945.9369578691513,548.5839578691513,3973.5300000000007,"[4.0, 2.0, 0.0, 4.0, 4.0, 0.0, 4.0, 0.0, 4.0, 2.0, 4.0, 4.0, 0.0, 4.0, 2.0, 0.0]"
3,66,906.3520154614813,562.8610154614813,3434.91,"[0.0, 4.0, 0.0, 4.0, 2.0, 0.0, 4.0, 2.0, 2.0, 4.0, 2.0, 0.0, 0.0, 2.0, 2.0, 4.0]"
3,67,839.0003288096684,551.8303288096685,2871.7000000000003,"[0.0, 4.0, 0.0, 4.0, 0.0, 0.0, 0.0, 0.0, 2.0, 2.0, 2.0, 4.0, 2.0, 2.0, 2.0, 4.0]"
3,68,962.6806935385863,571.8486935385862,3908.3200000000006,"[0.0, 4.0, 0.0, 4.0, 4.0, 0.0, 4.0, 4.0, 2.0, 2.0, 2.0, 0.0, 0.0, 2.0, 2.0, 4.0]"
3,69,741.1394786601836,556.0894786601837,1850.5,"[0.0, 0.0, 0.0, 0.0, 2.0, 0.0, 2.0, 0.0, 0.0, 0.0, 4.0, 4.0, 4.0, 2.0, 0.0, 0.0]"
3,70,813.2881231433973,521.0231231433972,2922.65,"[4.0, 0.0, 4.0, 4.0, 0.0, 0.0, 0.0, 0.0, 0.0, 4.0, 2.0, 2.0, 2.0, 4.0, 2.0, 0.0]"
3,71,812.599612450206,555.3396124502059,2572.6000000000004,"[0.0, 0.0, 0.0, 4.0, 2.0, 0.0, 4.0, 0.0, 2.0, 4.0, 0.0, 2.0, 0.0, 2.0, 2.0, 2.0]"
3,72,915.5836230504356,546.6526230504355,3689.31,"[0.0, 4.0, 2.0, 4.0, 4.0, 0.0, 4.0, 2.0, 0.0, 2.0, 2.0, 0.0, 0.0, 4.0, 0.0, 4.0]"
4,73,712.0152209616423,555.3662209616423,1566.4900000000002,"[0.0, 2.0, 0.0, 0.0, 0.0, 0.0, 0.0, 2.0, 4.0, 2.0, 0.0, 2.0, 2.0, 2.0, 0.0, 0.0]"
4,74,739.850141815235,554.800141815235,1850.5,"[0.0, 0.0, 0.0, 0.0, 2.0, 0.0, 2.0, 0.0, 0.0, 0.0, 4.0, 4.0, 4.0, 2.0, 0.0, 0.0]"
4,75,974.5097333063264,565.9497333063264,4085.6000000000004,"[4.0, 2.0, 0.0, 4.0, 2.0, 4.0, 4.0, 2.0, 4.0, 2.0, 2.0, 2.0, 0.0, 2.0, 0.0, 4.0]"
4,76,786.3414922349764,558.5414922349763,2278.0,"[0.0, 2.0, 0.0, 4.0, 0.0, 2.0, 0.0, 2.0, 4.0, 0.0, 0.0, 0.0, 4.0, 2.0, 2.0, 0.0]"
4,77,826.3657342515698,552.8757342515698,2734.9,"[0.0, 0.0, 0.0, 4.0, 2.0, 0.0, 2.0, 0.0, 2.0, 0.0, 2.0, 4.0, 4.0, 4.0, 0.0, 4.0]"
4,78,802.859652015394,535.8136520153939,2670.4600000000005,"[0.0, 0.0, 2.0, 0.0, 2.0, 0.0, 4.0, 0.0, 0.0, 2.0, 0.0, 4.0, 4.0, 2.0, 0.0, 2.0]"
4,79,711.8075059760956,526.6235059760957,1851.8400000000001,"[0.0, 0.0, 4.0, 4.0, 0.0, 0.0, 0.0, 0.0, 0.0, 4.0, 4.0, 0.0, 4.0, 2.0, 0.0, 0.0]"
4,80,731.2713649378715,558.1873649378714,1730.8400000000001,"[0.0, 2.0, 0.0, 0.0, 0.0, 0.0, 0.0, 2.0, 4.0, 2.0, 0.0, 2.0, 2.0, 2.0, 0.0, 2.0]"
4,81,762.5513217179903,560.0173217179903,2025.3400000000001,"[0.0, 2.0, 0.0, 0.0, 4.0, 0.0, 0.0, 0.0, 2.0, 0.0, 0.0, 2.0, 0.0, 2.0, 2.0, 2.0]"
4,82,963.9468863083987,541.8818863083986,4220.650000000001,"[4.0, 2.0, 0.0, 4.0, 0.0, 0.0, 4.0, 2.0, 4.0, 4.0, 2.0, 2.0, 4.0, 4.0, 2.0, 4.0]"
4,83,794.0630749493586,578.2690749493586,2157.94,"[0.0, 2.0, 0.0, 0.0, 4.0, 0.0, 0.0, 2.0, 0.0, 2.0, 0.0, 2.0, 2.0, 0.0, 0.0, 0.0]"
4,84,767.097302498312,551.942302498312,2151.55,"[4.0, 2.0, 0.0, 0.0, 0.0, 0.0, 0.0, 2.0, 4.0, 2.0, 4.0, 2.0, 2.0, 2.0, 0.0, 0.0]"
4,85,868.9306677469449,548.5106677469448,3204.2000000000003,"[0.0, 4.0, 0.0, 2.0, 2.0, 0.0, 2.0, 0.0, 0.0, 2.0, 2.0, 4.0, 4.0, 2.0, 2.0, 0.0]"
4,86,713.220367639114,586.307367639114,1269.13,"[0.0, 0.0, 0.0, 0.0, 2.0, 0.0, 0.0, 2.0, 2.0, 0.0, 4.0, 4.0, 0.0, 0.0, 0.0, 0.0]"
4,87,797.2607096752415,550.7997096752414,2464.6100000000006,"[4.0, 2.0, 0.0, 0.0, 0.0, 0.0, 0.0, 2.0, 0.0, 0.0, 2.0, 2.0, 2.0, 2.0, 4.0, 0.0]"
4,88,707.2653161590924,529.8023161590925,1774.63,"[0.0, 0.0, 4.0, 4.0, 0.0, 0.0, 2.0, 0.0, 0.0, 4.0, 4.0, 0.0, 0.0, 4.0, 0.0, 0.0]"
4,89,836.3788637499156,555.7378637499155,2806.4100000000003,"[0.0, 2.0, 0.0, 0.0, 0.0, 0.0, 4.0, 4.0, 0.0, 0.0, 2.0, 4.0, 4.0, 4.0, 0.0, 0.0]"
4,90,877.5164021064003,526.9124021064002,3506.0400000000004,"[2.0, 0.0, 4.0, 4.0, 0.0, 0.0, 0.0, 4.0, 0.0, 4.0, 4.0, 2.0, 2.0, 4.0, 4.0, 0.0]"
4,91,941.6397166295322,551.3267166295321,3903.1300000000006,"[0.0, 4.0, 0.0, 4.0, 2.0, 0.0, 4.0, 0.0, 2.0, 4.0, 0.0, 2.0, 4.0, 2.0, 2.0, 4.0]"
4,92,927.0517245476642,528.5897245476641,3984.620000000001,"[0.0, 4.0, 4.0, 4.0, 0.0, 4.0, 2.0, 0.0, 0.0, 4.0, 4.0, 2.0, 4.0, 4.0, 0.0, 2.0]"
4,93,889.3191471203836,558.9111471203835,3304.0800000000004,"[4.0, 2.0, 0.0, 4.0, 4.0, 0.0, 0.0, 2.0, 2.0, 2.0, 2.0, 2.0, 2.0, 2.0, 0.0, 0.0]"
4,94,918.8280218756331,556.216021875633,3626.120000000001,"[0.0, 2.0, 0.0, 2.0, 2.0, 0.0, 0.0, 4.0, 4.0, 0.0, 0.0, 4.0, 4.0, 2.0, 4.0, 4.0]"
4,95,816.3788416042132,551.1858416042131,2651.9300000000003,"[2.0, 2.0, 0.0, 4.0, 0.0, 0.0, 2.0, 0.0, 0.0, 4.0, 4.0, 4.0, 2.0, 2.0, 0.0, 0.0]"
4,96,872.5857318390495,524.5557318390495,3480.3,"[2.0, 0.0, 4.0, 2.0, 4.0, 0.0, 4.0, 0.0, 4.0, 2.0, 0.0, 2.0, 4.0, 4.0, 0.0, 0.0]"
5,97,707.2193643730163,529.7563643730164,1774.63,"[0.0, 0.0, 4.0, 4.0, 0.0, 0.0, 2.0, 0.0, 0.0, 4.0, 4.0, 0.0, 0.0, 4.0, 0.0, 0.0]"
5,98,713.1024617462353,527.9184617462354,1851.8400000000001,"[0.0, 0.0, 4.0, 4.0, 0.0, 0.0, 0.0, 0.0, 0.0, 4.0, 4.0, 0.0, 4.0, 2.0, 0.0, 0.0]"
5,99,763.8501701553006,562.9581701553005,2008.92,"[0.0, 0.0, 2.0, 0.0, 2.0, 0.0, 0.0, 4.0, 2.0, 0.0, 4.0, 4.0, 2.0, 0.0, 0.0, 0.0]"
5,100,731.2781180443004,558.1941180443004,1730.8400000000001,"[0.0, 2.0, 0.0, 0.0, 0.0, 0.0, 0.0, 2.0, 4.0, 2.0, 2.0, 2.0, 2.0, 2.0, 0.0, 2.0]"
5,101,844.779681588009,549.8556815880089,2949.2400000000002,"[0.0, 0.0, 0.0, 0.0, 2.0, 4.0, 2.0, 0.0, 0.0, 2.0, 4.0, 4.0, 4.0, 2.0, 2.0, 0.0]"
5,102,805.9383874147593,555.2423874147593,2506.9600000000005,"[0.0, 4.0, 0.0, 0.0, 2.0, 0.0, 0.0, 0.0, 0.0, 2.0, 2.0, 4.0, 4.0, 2.0, 0.0, 0.0]"
5,103,824.4488856255487,558.4538856255485,2659.9500000000003,"[0.0, 2.0, 0.0, 4.0, 4.0, 0.0, 0.0, 0.0, 2.0, 4.0, 0.0, 2.0, 0.0, 2.0, 2.0, 0.0]"
5,104,688.3947460328179,539.7287460328179,1486.66,"[0.0, 0.0, 4.0, 0.0, 0.0, 0.0, 0.0, 0.0, 2.0, 0.0, 0.0, 4.0, 0.0, 2.0, 0.0, 4.0]"
5,105,787.458394004861,532.297394004861,2551.6100000000006,"[4.0, 2.0, 4.0, 0.0, 0.0, 0.0, 0.0, 2.0, 4.0, 2.0, 0.0, 2.0, 2.0, 2.0, 0.0, 0.0]"
5,106,779.4679785940982,566.7129785940982,2127.55,"[0.0, 2.0, 0.0, 4.0, 4.0, 0.0, 0.0, 0.0, 2.0, 0.0, 0.0, 2.0, 0.0, 2.0, 0.0, 2.0]"
5,107,813.3719756953822,531.0299756953822,2823.42,"[4.0, 0.0, 4.0, 0.0, 2.0, 0.0, 2.0, 0.0, 0.0, 4.0, 4.0, 0.0, 0.0, 2.0, 2.0, 4.0]"
5,108,701.0347649918963,538.4347649918963,1626.0,"[0.0, 0.0, 2.0, 4.0, 0.0, 0.0, 0.0, 0.0, 0.0, 4.0, 0.0, 2.0, 0.0, 4.0, 0.0, 0.0]"
5,109,811.7555461481331,560.6015461481331,2511.5400000000004,"[0.0, 0.0, 0.0, 4.0, 2.0, 0.0, 0.0, 2.0, 0.0, 2.0, 4.0, 4.0, 4.0, 2.0, 0.0, 0.0]"
5,110,809.7118412666262,561.1408412666261,2485.7100000000005,"[0.0, 0.0, 2.0, 0.0, 4.0, 2.0, 2.0, 0.0, 2.0, 2.0, 0.0, 4.0, 0.0, 0.0, 0.0, 2.0]"
5,111,743.839252886758,552.695252886758,1911.4400000000003,"[0.0, 2.0, 2.0, 0.0, 0.0, 2.0, 0.0, 4.0, 2.0, 0.0, 4.0, 2.0, 0.0, 2.0, 0.0, 0.0]"
5,112,963.2557039362638,551.0347039362637,4122.210000000001,"[0.0, 4.0, 0.0, 0.0, 4.0, 0.0, 2.0, 4.0, 0.0, 0.0, 4.0, 4.0, 4.0, 4.0, 2.0, 2.0]"
5,113,756.6890602377093,560.8510602377094,1958.38,"[0.0, 2.0, 0.0, 0.0, 2.0, 0.0, 0.0, 2.0, 4.0, 2.0, 0.0, 2.0, 2.0, 2.0, 0.0, 0.0]"
5,114,776.8507386900743,555.4767386900743,2213.7400000000002,"[0.0, 2.0, 0.0, 0.0, 4.0, 0.0, 0.0, 0.0, 4.0, 2.0, 0.0, 2.0, 2.0, 2.0, 0.0, 2.0]"
5,115,720.094042949757,579.5580429497569,1405.3600000000001,"[0.0, 0.0, 0.0, 0.0, 2.0, 0.0, 0.0, 0.0, 0.0, 0.0, 4.0, 4.0, 0.0, 0.0, 2.0, 2.0]"
5,116,817.2263105124571,553.691310512457,2635.3500000000004,"[2.0, 4.0, 0.0, 0.0, 4.0, 0.0, 0.0, 0.0, 2.0, 0.0, 4.0, 2.0, 2.0, 4.0, 0.0, 0.0]"
5,117,715.6990048622366,547.8910048622366,1678.08,"[4.0, 0.0, 0.0, 0.0, 0.0, 0.0, 2.0, 0.0, 4.0, 2.0, 4.0, 2.0, 0.0, 4.0, 0.0, 0.0]"
5,118,828.8291523089387,529.2621523089387,2995.67,"[4.0, 2.0, 4.0, 0.0, 0.0, 0.0, 2.0, 2.0, 4.0, 4.0, 2.0, 2.0, 2.0, 2.0, 0.0, 0.0]"
5,119,671.4475240056722,530.8605240056722,1405.8700000000001,"[0.0, 0.0, 4.0, 0.0, 0.0, 0.0, 2.0, 0.0, 0.0, 4.0, 4.0, 0.0, 0.0, 4.0, 0.0, 0.0]"
5,120,822.040451083654,558.329451083654,2637.1100000000006,"[0.0, 2.0, 0.0, 2.0, 4.0, 0.0, 0.0, 0.0, 2.0, 4.0, 0.0, 2.0, 0.0, 2.0, 2.0, 2.0]"
6,121,671.4407038287528,530.8537038287528,1405.8700000000001,"[0.0, 0.0, 4.0, 0.0, 0.0, 0.0, 2.0, 0.0, 0.0, 4.0, 4.0, 0.0, 0.0, 4.0, 0.0, 0.0]"
6,122,689.8175970018232,541.1515970018231,1486.66,"[0.0, 0.0, 4.0, 0.0, 0.0, 0.0, 0.0, 0.0, 2.0, 0.0, 0.0, 4.0, 0.0, 2.0, 0.0, 4.0]"
6,123,746.2815764451648,571.0085764451647,1752.73,"[0.0, 0.0, 0.0, 0.0, 0.0, 2.0, 2.0, 0.0, 0.0, 2.0, 4.0, 2.0, 0.0, 0.0, 4.0, 2.0]"
6,124,815.8595950307204,552.4175950307203,2634.42,"[4.0, 0.0, 0.0, 2.0, 2.0, 0.0, 0.0, 0.0, 4.0, 2.0, 4.0, 4.0, 0.0, 4.0, 0.0, 4.0]"
6,125,658.1936390896199,548.8916390896198,1093.0200000000002,"[0.0, 0.0, 0.0, 0.0, 0.0, 0.0, 2.0, 0.0, 4.0, 2.0, 0.0, 2.0, 0.0, 4.0, 0.0, 0.0]"
6,126,823.21713145635,556.42313145635,2667.9400000000005,"[4.0, 0.0, 0.0, 4.0, 2.0, 2.0, 2.0, 0.0, 0.0, 4.0, 4.0, 0.0, 0.0, 4.0, 0.0, 0.0]"
6,127,667.4186110210698,559.5946110210697,1078.2400000000002,"[0.0, 0.0, 0.0, 0.0, 2.0, 0.0, 0.0, 0.0, 4.0, 2.0, 2.0, 2.0, 0.0, 2.0, 0.0, 0.0]"
6,128,798.3011026194978,534.7901026194977,2635.1100000000006,"[0.0, 2.0, 4.0, 0.0, 0.0, 0.0, 0.0, 2.0, 2.0, 0.0, 0.0, 4.0, 2.0, 2.0, 2.0, 4.0]"
6,129,799.3967457295255,564.4057457295254,2349.9100000000003,"[4.0, 2.0, 0.0, 2.0, 0.0, 2.0, 0.0, 2.0, 2.0, 0.0, 4.0, 2.0, 0.0, 2.0, 0.0, 2.0]"
6,130,769.461936803727,540.375936803727,2290.86,"[0.0, 2.0, 2.0, 0.0, 0.0, 0.0, 0.0, 4.0, 0.0, 2.0, 4.0, 2.0, 4.0, 2.0, 0.0, 0.0]"
6,131,706.6257444624528,550.6727444624528,1559.5300000000002,"[0.0, 0.0, 0.0, 4.0, 0.0, 0.0, 0.0, 0.0, 2.0, 4.0, 0.0, 0.0, 2.0, 4.0, 0.0, 2.0]"
6,132,807.4457349267436,530.9657349267436,2764.8,"[0.0, 2.0, 2.0, 0.0, 4.0, 0.0, 0.0, 0.0, 4.0, 2.0, 0.0, 2.0, 4.0, 2.0, 2.0, 0.0]"
6,133,755.3936453311728,534.1226453311727,2212.7100000000005,"[0.0, 0.0, 4.0, 4.0, 2.0, 0.0, 0.0, 0.0, 0.0, 4.0, 0.0, 2.0, 0.0, 4.0, 0.0, 0.0]"
6,134,713.453705834684,539.156705834684,1742.9700000000003,"[0.0, 2.0, 2.0, 4.0, 0.0, 0.0, 2.0, 0.0, 0.0, 4.0, 0.0, 0.0, 0.0, 2.0, 0.0, 0.0]"
6,135,790.148824442944,564.459824442944,2256.8900000000003,"[4.0, 2.0, 0.0, 0.0, 0.0, 0.0, 2.0, 0.0, 4.0, 2.0, 4.0, 2.0, 2.0, 0.0, 0.0, 4.0]"
6,136,789.6478217420663,559.7438217420662,2299.0400000000004,"[0.0, 4.0, 0.0, 0.0, 2.0, 0.0, 0.0, 2.0, 4.0, 2.0, 0.0, 2.0, 2.0, 2.0, 0.0, 0.0]"
6,137,749.642046191248,547.652046191248,2019.9,"[0.0, 0.0, 0.0, 0.0, 2.0, 0.0, 0.0, 0.0, 4.0, 2.0, 4.0, 4.0, 4.0, 4.0, 0.0, 0.0]"
6,138,783.8006619404497,561.5366619404497,2222.6400000000003,"[2.0, 0.0, 0.0, 4.0, 0.0, 0.0, 0.0, 4.0, 0.0, 2.0, 4.0, 2.0, 0.0, 2.0, 2.0, 0.0]"
6,139,712.1894878444084,539.3974878444084,1727.92,"[0.0, 0.0, 2.0, 0.0, 2.0, 0.0, 0.0, 0.0, 2.0, 2.0, 0.0, 4.0, 0.0, 4.0, 0.0, 0.0]"
6,140,854.9885152251705,581.8795152251705,2731.09,"[0.0, 0.0, 0.0, 0.0, 2.0, 2.0, 2.0, 4.0, 2.0, 2.0, 4.0, 4.0, 2.0, 0.0, 0.0, 2.0]"
6,141,847.3051285444236,527.8081285444235,3194.9700000000003,"[0.0, 0.0, 4.0, 0.0, 4.0, 0.0, 4.0, 0.0, 2.0, 4.0, 4.0, 0.0, 4.0, 4.0, 2.0, 0.0]"
6,142,812.7940217405983,552.2980217405983,2604.9600000000005,"[4.0, 0.0, 0.0, 0.0, 4.0, 0.0, 2.0, 0.0, 0.0, 2.0, 4.0, 2.0, 0.0, 4.0, 0.0, 2.0]"
6,143,796.4888237796233,550.5098237796233,2459.7900000000004,"[0.0, 0.0, 0.0, 2.0, 2.0, 0.0, 0.0, 0.0, 4.0, 0.0, 2.0, 4.0, 2.0, 2.0, 4.0, 4.0]"
6,144,772.4974166103984,550.9434166103983,2215.5400000000004,"[0.0, 2.0, 0.0, 0.0, 2.0, 0.0, 0.0, 0.0, 0.0, 4.0, 2.0, 2.0, 0.0, 4.0, 2.0, 2.0]"
7,145,658.2221391233876,548.9201391233876,1093.0200000000002,"[0.0, 0.0, 0.0, 0.0, 0.0, 0.0, 2.0, 0.0, 4.0, 2.0, 0.0, 2.0, 0.0, 4.0, 0.0, 0.0]"
7,146,668.7620402485144,560.9380402485143,1078.2400000000002,"[0.0, 0.0, 0.0, 0.0, 2.0, 0.0, 0.0, 0.0, 4.0, 2.0, 2.0, 2.0, 0.0, 2.0, 0.0, 0.0]"
7,147,624.3507950016887,556.1867950016887,681.6400000000001,"[0.0, 0.0, 0.0, 0.0, 0.0, 0.0, 0.0, 0.0, 2.0, 0.0, 4.0, 0.0, 0.0, 4.0, 0.0, 4.0]"
7,148,873.1886788197961,546.2866788197961,3269.0200000000004,"[0.0, 2.0, 2.0, 4.0, 2.0, 0.0, 0.0, 4.0, 2.0, 2.0, 0.0, 4.0, 2.0, 2.0, 0.0, 2.0]"
7,149,642.3548654599488,554.4818654599487,878.7300000000001,"[0.0, 0.0, 0.0, 0.0, 0.0, 0.0, 2.0, 0.0, 4.0, 0.0, 0.0, 2.0, 0.0, 4.0, 0.0, 0.0]"
7,150,689.2970828550206,539.7970828550206,1495.0,"[0.0, 0.0, 4.0, 0.0, 0.0, 0.0, 0.0, 0.0, 4.0, 0.0, 0.0, 4.0, 0.0, 2.0, 0.0, 4.0]"
7,151,723.9264819016748,556.0584819016748,1678.68,"[0.0, 4.0, 0.0, 0.0, 0.0, 0.0, 0.0, 0.0, 0.0, 2.0, 0.0, 0.0, 0.0, 2.0, 2.0, 4.0]"
7,152,645.8509767677451,552.3919767677451,934.59,"[2.0, 0.0, 0.0, 0.0, 0.0, 0.0, 0.0, 0.0, 2.0, 0.0, 0.0, 2.0, 0.0, 4.0, 0.0, 0.0]"
7,153,660.2304208535927,558.7464208535927,1014.8400000000001,"[0.0, 0.0, 2.0, 0.0, 0.0, 0.0, 0.0, 2.0, 4.0, 2.0, 4.0, 2.0, 0.0, 0.0, 0.0, 0.0]"
7,154,807.7859268160952,522.8319268160951,2849.5400000000004,"[2.0, 2.0, 4.0, 0.0, 0.0, 0.0, 2.0, 0.0, 0.0, 4.0, 4.0, 0.0, 4.0, 4.0, 0.0, 4.0]"
7,155,746.5915935178933,552.7415935178933,1938.5,"[0.0, 0.0, 4.0, 0.0, 0.0, 2.0, 2.0, 0.0, 0.0, 0.0, 4.0, 2.0, 0.0, 0.0, 4.0, 2.0]"
7,156,732.9793363047002,547.1903363047002,1857.8900000000003,"[2.0, 0.0, 0.0, 4.0, 0.0, 0.0, 0.0, 0.0, 2.0, 4.0, 0.0, 0.0, 2.0, 4.0, 0.0, 2.0]"
7,157,689.8057123370924,541.1397123370923,1486.66,"[0.0, 0.0, 4.0, 0.0, 0.0, 0.0, 0.0, 0.0, 2.0, 0.0, 0.0, 4.0, 0.0, 2.0, 0.0, 4.0]"
7,158,798.446139346476,541.6281393464759,2568.1800000000003,"[2.0, 0.0, 4.0, 0.0, 4.0, 0.0, 0.0, 0.0, 2.0, 0.0, 0.0, 4.0, 0.0, 2.0, 0.0, 4.0]"
7,159,688.6267644516479,555.5857644516478,1330.41,"[2.0, 0.0, 0.0, 0.0, 2.0, 0.0, 2.0, 0.0, 4.0, 2.0, 2.0, 0.0, 0.0, 2.0, 0.0, 0.0]"
7,160,877.6712425060763,529.0592425060762,3486.120000000001,"[4.0, 0.0, 4.0, 2.0, 2.0, 0.0, 4.0, 0.0, 0.0, 2.0, 2.0, 4.0, 0.0, 4.0, 0.0, 4.0]"
7,161,655.4769979066784,529.7589979066784,1257.1800000000003,"[0.0, 0.0, 4.0, 0.0, 0.0, 0.0, 2.0, 0.0, 0.0, 0.0, 4.0, 0.0, 0.0, 4.0, 2.0, 0.0]"
7,162,748.8323951117413,535.0683951117413,2137.6400000000003,"[0.0, 0.0, 4.0, 0.0, 2.0, 0.0, 0.0, 0.0, 2.0, 4.0, 0.0, 4.0, 0.0, 4.0, 0.0, 0.0]"
7,163,728.2626304700162,550.5336304700162,1777.2900000000002,"[0.0, 0.0, 0.0, 0.0, 2.0, 0.0, 0.0, 0.0, 4.0, 2.0, 4.0, 4.0, 2.0, 4.0, 0.0, 0.0]"
7,164,810.854633810424,531.276633810424,2795.7800000000007,"[0.0, 4.0, 4.0, 0.0, 2.0, 0.0, 0.0, 0.0, 0.0, 4.0, 2.0, 2.0, 0.0, 4.0, 2.0, 0.0]"
7,165,826.3204871725629,533.4324871725628,2928.8800000000006,"[0.0, 4.0, 4.0, 0.0, 0.0, 2.0, 0.0, 0.0, 2.0, 2.0, 2.0, 4.0, 2.0, 2.0, 0.0, 4.0]"
7,166,702.2033798365858,542.8753798365858,1593.2800000000002,"[0.0, 0.0, 4.0, 0.0, 2.0, 0.0, 0.0, 0.0, 2.0, 0.0, 0.0, 2.0, 0.0, 2.0, 0.0, 4.0]"
7,167,757.9691831318793,558.6321831318793,1993.3700000000001,"[0.0, 0.0, 0.0, 0.0, 0.0, 0.0, 0.0, 4.0, 4.0, 2.0, 2.0, 2.0, 0.0, 2.0, 4.0, 2.0]"
7,168,891.3657461517689,536.4797461517688,3548.86,"[0.0, 2.0, 4.0, 4.0, 2.0, 4.0, 0.0, 0.0, 0.0, 2.0, 0.0, 4.0, 4.0, 2.0, 0.0, 0.0]"
8,169,623.0250942249239,554.8610942249239,681.6400000000001,"[0.0, 0.0, 0.0, 0.0, 0.0, 0.0, 0.0, 0.0, 2.0, 0.0, 4.0, 0.0, 0.0, 4.0, 0.0, 4.0]"
8,170,641.1621395380251,553.2891395380251,878.7300000000001,"[0.0, 0.0, 0.0, 0.0, 0.0, 0.0, 2.0, 0.0, 4.0, 0.0, 0.0, 2.0, 0.0, 4.0, 0.0, 0.0]"
8,171,728.5468843868181,565.688884386818,1628.5800000000002,"[0.0, 0.0, 2.0, 0.0, 0.0, 4.0, 0.0, 2.0, 4.0, 2.0, 4.0, 2.0, 0.0, 0.0, 0.0, 0.0]"
8,172,752.2416788222581,552.7066788222581,1995.3500000000001,"[0.0, 0.0, 0.0, 4.0, 2.0, 0.0, 0.0, 0.0, 2.0, 0.0, 4.0, 0.0, 0.0, 4.0, 4.0, 4.0]"
8,173,646.7965768217734,553.3375768217735,934.59,"[2.0, 0.0, 0.0, 0.0, 0.0, 0.0, 0.0, 0.0, 2.0, 0.0, 4.0, 2.0, 0.0, 4.0, 0.0, 0.0]"
8,174,828.4112138806372,542.4612138806373,2859.5,"[0.0, 0.0, 4.0, 0.0, 2.0, 4.0, 2.0, 4.0, 0.0, 0.0, 4.0, 0.0, 0.0, 4.0, 2.0, 0.0]"
8,175,713.936417071853,548.303417071853,1656.33,"[2.0, 0.0, 0.0, 4.0, 0.0, 0.0, 0.0, 0.0, 4.0, 2.0, 0.0, 0.0, 2.0, 4.0, 0.0, 2.0]"
8,176,727.1346472177202,530.1026472177201,1970.3200000000002,"[2.0, 0.0, 2.0, 0.0, 2.0, 0.0, 2.0, 0.0, 2.0, 2.0, 0.0, 0.0, 0.0, 4.0, 2.0, 0.0]"
8,177,810.4370731839051,537.543073183905,2728.9400000000005,"[0.0, 0.0, 4.0, 2.0, 2.0, 4.0, 4.0, 0.0, 2.0, 2.0, 2.0, 2.0, 0.0, 2.0, 0.0, 0.0]"
8,178,746.0942455429498,564.0582455429497,1820.3600000000004,"[0.0, 0.0, 0.0, 4.0, 2.0, 0.0, 0.0, 2.0, 4.0, 0.0, 2.0, 2.0, 0.0, 2.0, 2.0, 0.0]"
8,179,807.2690613016474,546.5660613016473,2607.0300000000007,"[0.0, 0.0, 4.0, 2.0, 2.0, 0.0, 0.0, 0.0, 4.0, 4.0, 0.0, 4.0, 0.0, 0.0, 2.0, 4.0]"
8,180,665.6583635442696,557.3313635442696,1083.2700000000002,"[0.0, 0.0, 0.0, 0.0, 0.0, 0.0, 0.0, 2.0, 2.0, 4.0, 0.0, 0.0, 0.0, 4.0, 0.0, 0.0]"
8,181,849.128080205239,532.251080205239,3168.7700000000004,"[0.0, 2.0, 4.0, 2.0, 0.0, 0.0, 2.0, 4.0, 4.0, 0.0, 0.0, 4.0, 4.0, 4.0, 0.0, 0.0]"
8,182,733.456337115073,552.4013371150729,1810.5500000000002,"[0.0, 0.0, 0.0, 0.0, 0.0, 0.0, 2.0, 0.0, 2.0, 2.0, 0.0, 4.0, 0.0, 2.0, 2.0, 4.0]"
8,183,676.74647271745,563.5004727174501,1132.46,"[0.0, 0.0, 0.0, 0.0, 2.0, 0.0, 0.0, 0.0, 0.0, 0.0, 0.0, 4.0, 0.0, 2.0, 0.0, 0.0]"
8,184,696.7906936790923,553.8666936790924,1429.2400000000002,"[2.0, 0.0, 0.0, 0.0, 2.0, 0.0, 0.0, 0.0, 4.0, 2.0, 0.0, 0.0, 0.0, 4.0, 0.0, 2.0]"
8,185,602.1039327929753,557.0589327929754,450.45000000000005,"[0.0, 0.0, 0.0, 0.0, 0.0, 0.0, 0.0, 0.0, 0.0, 0.0, 4.0, 0.0, 0.0, 2.0, 2.0, 0.0]"
8,186,843.1682417122408,563.2202417122409,2799.4800000000005,"[0.0, 4.0, 0.0, 0.0, 4.0, 0.0, 2.0, 0.0, 2.0, 4.0, 4.0, 0.0, 0.0, 4.0, 0.0, 4.0]"
8,187,670.1598057262477,536.0528057262476,1341.0700000000002,"[0.0, 0.0, 4.0, 2.0, 0.0, 0.0, 0.0, 0.0, 4.0, 0.0, 4.0, 4.0, 0.0, 2.0, 0.0, 0.0]"
8,188,754.5596266882767,573.7156266882766,1808.4400000000003,"[0.0, 0.0, 0.0, 4.0, 0.0, 4.0, 0.0, 2.0, 2.0, 0.0, 0.0, 0.0, 0.0, 2.0, 0.0, 4.0]"
8,189,700.8388700702324,550.7528700702323,1500.8600000000001,"[4.0, 0.0, 0.0, 0.0, 0.0, 0.0, 2.0, 0.0, 2.0, 0.0, 0.0, 0.0, 0.0, 4.0, 0.0, 4.0]"
8,190,637.0543301364312,552.0023301364312,850.5200000000001,"[0.0, 0.0, 0.0, 0.0, 0.0, 0.0, 0.0, 0.0, 2.0, 2.0, 4.0, 2.0, 0.0, 4.0, 0.0, 0.0]"
8,191,743.9587896158262,533.7557896158261,2102.03,"[0.0, 0.0, 4.0, 0.0, 0.0, 4.0, 2.0, 0.0, 4.0, 2.0, 0.0, 2.0, 0.0, 4.0, 0.0, 0.0]"
8,192,720.8525180633399,542.6925180633399,1781.6000000000001,"[0.0, 0.0, 4.0, 0.0, 4.0, 0.0, 2.0, 0.0, 4.0, 0.0, 4.0, 0.0, 0.0, 4.0, 0.0, 0.0]"
9,193,603.3365906788247,558.2915906788247,450.45000000000005,"[0.0, 0.0, 0.0, 0.0, 0.0, 0.0, 0.0, 0.0, 0.0, 0.0, 4.0, 0.0, 0.0, 2.0, 2.0, 0.0]"
9,194,623.0018250591016,554.8378250591016,681.6400000000001,"[0.0, 0.0, 0.0, 0.0, 0.0, 0.0, 0.0, 0.0, 2.0, 0.0, 4.0, 0.0, 0.0, 4.0, 0.0, 4.0]"
9,195,801.2825020592803,560.6245020592803,2406.5800000000004,"[0.0, 0.0, 0.0, 4.0, 0.0, 4.0, 4.0, 0.0, 0.0, 0.0, 4.0, 2.0, 0.0, 4.0, 0.0, 4.0]"
9,196,652.2321780359314,557.4441780359314,947.8800000000001,"[0.0, 0.0, 0.0, 4.0, 0.0, 0.0, 0.0, 0.0, 2.0, 2.0, 4.0, 0.0, 0.0, 4.0, 0.0, 0.0]"
9,197,651.0970549739989,554.8980549739988,961.99,"[0.0, 0.0, 0.0, 0.0, 0.0, 0.0, 0.0, 0.0, 2.0, 0.0, 2.0, 2.0, 0.0, 4.0, 0.0, 4.0]"
9,198,651.5232685891808,552.6892685891808,988.3400000000001,"[2.0, 0.0, 0.0, 0.0, 0.0, 0.0, 0.0, 0.0, 4.0, 0.0, 4.0, 0.0, 0.0, 4.0, 0.0, 4.0]"
9,199,606.4717088821344,560.9417088821344,455.3,"[0.0, 0.0, 0.0, 0.0, 0.0, 0.0, 0.0, 0.0, 0.0, 0.0, 0.0, 2.0, 0.0, 2.0, 0.0, 0.0]"
9,200,732.1201931388439,548.4551931388438,1836.65,"[4.0, 0.0, 0.0, 4.0, 0.0, 0.0, 2.0, 0.0, 4.0, 0.0, 4.0, 0.0, 0.0, 4.0, 2.0, 0.0]"
9,201,678.2794292274447,568.2184292274446,1100.6100000000001,"[0.0, 0.0, 0.0, 0.0, 0.0, 0.0, 0.0, 4.0, 0.0, 0.0, 4.0, 0.0, 0.0, 2.0, 0.0, 4.0]"
9,202,682.7221096704485,572.7221096704485,1100.0,"[0.0, 0.0, 0.0, 0.0, 2.0, 0.0, 0.0, 0.0, 2.0, 4.0, 4.0, 0.0, 0.0, 0.0, 2.0, 0.0]"
9,203,733.4761399243653,555.2661399243652,1782.1000000000001,"[2.0, 0.0, 0.0, 2.0, 2.0, 0.0, 0.0, 0.0, 4.0, 2.0, 0.0, 0.0, 0.0, 4.0, 0.0, 4.0]"
9,204,669.782272015127,553.9092720151269,1158.7300000000002,"[2.0, 2.0, 0.0, 0.0, 0.0, 0.0, 0.0, 0.0, 4.0, 0.0, 4.0, 0.0, 0.0, 4.0, 0.0, 2.0]"
9,205,760.3959721847151,528.9259721847151,2314.7000000000003,"[2.0, 0.0, 4.0, 0.0, 2.0, 0.0, 0.0, 0.0, 4.0, 4.0, 4.0, 0.0, 0.0, 4.0, 2.0, 2.0]"
9,206,726.1110699621827,574.1330699621826,1519.7800000000002,"[0.0, 0.0, 0.0, 0.0, 2.0, 0.0, 0.0, 0.0, 2.0, 2.0, 0.0, 2.0, 0.0, 0.0, 2.0, 4.0]"
9,207,662.1982047004796,552.2672047004795,1099.3100000000002,"[0.0, 0.0, 0.0, 2.0, 0.0, 0.0, 0.0, 0.0, 2.0, 0.0, 4.0, 2.0, 0.0, 4.0, 2.0, 0.0]"
9,208,654.857498176415,564.154498176415,907.0300000000002,"[0.0, 0.0, 0.0, 4.0, 0.0, 0.0, 0.0, 0.0, 4.0, 0.0, 4.0, 0.0, 0.0, 2.0, 0.0, 4.0]"
9,209,641.7161279211132,554.5511279211131,871.6500000000001,"[2.0, 0.0, 0.0, 0.0, 0.0, 0.0, 0.0, 0.0, 4.0, 2.0, 2.0, 0.0, 0.0, 2.0, 0.0, 2.0]"
9,210,795.2972160702229,554.9302160702229,2403.67,"[0.0, 2.0, 0.0, 2.0, 2.0, 0.0, 0.0, 0.0, 2.0, 0.0, 2.0, 4.0, 2.0, 4.0, 0.0, 4.0]"
9,211,823.3742055090468,558.4632055090467,2649.1100000000006,"[0.0, 0.0, 4.0, 4.0, 4.0, 0.0, 4.0, 0.0, 0.0, 0.0, 2.0, 0.0, 0.0, 0.0, 2.0, 4.0]"
9,212,733.9043808752027,548.1703808752027,1857.3400000000001,"[4.0, 0.0, 0.0, 0.0, 0.0, 2.0, 2.0, 0.0, 2.0, 2.0, 4.0, 0.0, 0.0, 4.0, 0.0, 2.0]"
9,213,800.4373778272906,527.0643778272905,2733.7300000000005,"[4.0, 2.0, 2.0, 4.0, 0.0, 0.0, 0.0, 0.0, 0.0, 2.0, 0.0, 0.0, 2.0, 4.0, 2.0, 2.0]"
9,214,682.7683398163156,550.1463398163155,1326.2200000000003,"[0.0, 0.0, 0.0, 0.0, 2.0, 0.0, 0.0, 0.0, 0.0, 0.0, 4.0, 0.0, 4.0, 2.0, 2.0, 0.0]"
9,215,687.7249014046462,556.4949014046462,1312.3000000000002,"[2.0, 0.0, 0.0, 4.0, 0.0, 0.0, 0.0, 0.0, 2.0, 0.0, 4.0, 2.0, 0.0, 4.0, 0.0, 0.0]"
9,216,644.2432592192354,561.4272592192353,828.1600000000001,"[0.0, 0.0, 0.0, 4.0, 0.0, 0.0, 0.0, 0.0, 0.0, 0.0, 4.0, 0.0, 0.0, 2.0, 2.0, 0.0]"
10,217,603.4039327929753,558.3589327929753,450.45000000000005,"[0.0, 0.0, 0.0, 0.0, 0.0, 0.0, 0.0, 0.0, 0.0, 0.0, 4.0, 0.0, 0.0, 2.0, 2.0, 0.0]"
10,218,606.3399628503884,560.8099628503884,455.3,"[0.0, 0.0, 0.0, 0.0, 0.0, 0.0, 0.0, 0.0, 0.0, 0.0, 0.0, 2.0, 0.0, 2.0, 0.0, 0.0]"
10,219,659.9668298102249,558.3598298102249,1016.0700000000002,"[0.0, 0.0, 0.0, 0.0, 0.0, 0.0, 0.0, 0.0, 0.0, 0.0, 0.0, 4.0, 0.0, 2.0, 2.0, 0.0]"
10,220,745.5548630470016,572.7158630470016,1728.3900000000003,"[0.0, 2.0, 0.0, 0.0, 0.0, 2.0, 0.0, 0.0, 0.0, 0.0, 4.0, 4.0, 2.0, 0.0, 2.0, 0.0]"
10,221,724.1270148568342,555.1600148568342,1689.67,"[0.0, 0.0, 0.0, 4.0, 2.0, 0.0, 0.0, 0.0, 4.0, 0.0, 4.0, 2.0, 0.0, 4.0, 2.0, 0.0]"
10,222,834.9003745611667,542.2213745611666,2926.7900000000004,"[4.0, 0.0, 4.0, 4.0, 0.0, 0.0, 4.0, 4.0, 0.0, 0.0, 4.0, 0.0, 0.0, 2.0, 0.0, 4.0]"
10,223,752.5353452188007,563.6363452188007,1888.9900000000002,"[0.0, 0.0, 0.0, 0.0, 4.0, 0.0, 0.0, 0.0, 2.0, 4.0, 2.0, 0.0, 0.0, 4.0, 0.0, 4.0]"
10,224,754.3009189627229,556.1499189627228,1981.5100000000002,"[2.0, 0.0, 0.0, 0.0, 4.0, 0.0, 0.0, 0.0, 2.0, 0.0, 4.0, 0.0, 0.0, 4.0, 4.0, 0.0]"
10,225,871.6132611572481,544.912261157248,3267.01,"[4.0, 4.0, 2.0, 0.0, 4.0, 0.0, 2.0, 0.0, 0.0, 0.0, 2.0, 0.0, 0.0, 2.0, 2.0, 4.0]"
10,226,671.2096609940572,544.8146609940572,1263.95,"[0.0, 0.0, 0.0, 0.0, 0.0, 0.0, 0.0, 0.0, 2.0, 4.0, 2.0, 0.0, 4.0, 4.0, 0.0, 0.0]"
10,227,790.1480052663562,560.8020052663561,2293.4600000000005,"[4.0, 0.0, 2.0, 4.0, 0.0, 0.0, 4.0, 2.0, 4.0, 0.0, 4.0, 0.0, 0.0, 0.0, 0.0, 4.0]"
10,228,627.5720811833041,534.4830811833041,930.89,"[0.0, 0.0, 2.0, 0.0, 0.0, 0.0, 0.0, 0.0, 2.0, 2.0, 2.0, 0.0, 0.0, 4.0, 0.0, 2.0]"
10,229,720.9230680713129,553.3490680713128,1675.7400000000002,"[0.0, 4.0, 0.0, 0.0, 0.0, 0.0, 0.0, 0.0, 0.0, 0.0, 0.0, 2.0, 0.0, 2.0, 4.0, 0.0]"
10,230,744.1784929767693,548.0254929767693,1961.53,"[4.0, 4.0, 0.0, 0.0, 0.0, 0.0, 0.0, 0.0, 2.0, 0.0, 4.0, 0.0, 2.0, 2.0, 2.0, 0.0]"
10,231,667.0725669908159,552.9635669908158,1141.0900000000001,"[0.0, 0.0, 0.0, 2.0, 0.0, 0.0, 0.0, 0.0, 2.0, 2.0, 4.0, 2.0, 0.0, 2.0, 2.0, 0.0]"
10,232,716.4026650459211,575.3696650459211,1410.3300000000002,"[0.0, 0.0, 0.0, 0.0, 2.0, 2.0, 0.0, 0.0, 2.0, 4.0, 4.0, 0.0, 0.0, 0.0, 2.0, 0.0]"
10,233,742.777246893571,556.743246893571,1860.3400000000001,"[2.0, 4.0, 0.0, 4.0, 0.0, 0.0, 0.0, 0.0, 0.0, 0.0, 0.0, 0.0, 0.0, 4.0, 0.0, 2.0]"
10,234,762.1974262948208,549.6434262948208,2125.5400000000004,"[4.0, 0.0, 0.0, 4.0, 0.0, 0.0, 0.0, 0.0, 2.0, 0.0, 4.0, 4.0, 2.0, 4.0, 0.0, 0.0]"
10,235,680.159760399784,552.655760399784,1275.0400000000002,"[4.0, 0.0, 0.0, 0.0, 0.0, 0.0, 0.0, 0.0, 4.0, 0.0, 4.0, 0.0, 0.0, 4.0, 0.0, 4.0]"
10,236,714.4819454349001,572.2509454349001,1422.3100000000002,"[0.0, 0.0, 0.0, 0.0, 0.0, 4.0, 0.0, 2.0, 0.0, 0.0, 2.0, 0.0, 0.0, 2.0, 0.0, 4.0]"
10,237,678.5300799567801,560.2770799567801,1182.5300000000002,"[0.0, 0.0, 0.0, 4.0, 0.0, 0.0, 0.0, 0.0, 4.0, 0.0, 2.0, 0.0, 0.0, 2.0, 2.0, 4.0]"
10,238,797.031813394545,534.0968133945449,2629.3500000000004,"[4.0, 4.0, 4.0, 4.0, 0.0, 0.0, 0.0, 0.0, 0.0, 4.0, 4.0, 0.0, 0.0, 2.0, 0.0, 0.0]"
10,239,670.598299297677,566.221299297677,1043.7700000000002,"[0.0, 0.0, 0.0, 0.0, 0.0, 0.0, 0.0, 2.0, 0.0, 0.0, 0.0, 4.0, 0.0, 2.0, 0.0, 0.0]"
10,240,698.9076588330632,551.9186588330632,1469.8900000000003,"[0.0, 0.0, 0.0, 0.0, 0.0, 0.0, 0.0, 0.0, 4.0, 2.0, 2.0, 4.0, 0.0, 4.0, 0.0, 4.0]"
11,241,602.0766447146234,557.0316447146234,450.45000000000005,"[0.0, 0.0, 0.0, 0.0, 0.0, 0.0, 0.0, 0.0, 0.0, 0.0, 4.0, 0.0, 0.0, 2.0, 2.0, 0.0]"
11,242,606.3486761229314,560.8186761229314,455.3,"[0.0, 0.0, 0.0, 0.0, 0.0, 0.0, 0.0, 0.0, 0.0, 0.0, 0.0, 2.0, 0.0, 2.0, 0.0, 0.0]"
11,243,687.3402890134378,535.0802890134378,1522.6000000000001,"[0.0, 0.0, 4.0, 0.0, 2.0, 0.0, 0.0, 0.0, 2.0, 2.0, 0.0, 0.0, 0.0, 4.0, 0.0, 2.0]"
11,244,770.8934726536124,539.4004726536124,2314.9300000000003,"[0.0, 0.0, 2.0, 0.0, 2.0, 4.0, 0.0, 0.0, 2.0, 2.0, 2.0, 0.0, 0.0, 2.0, 4.0, 2.0]"
11,245,658.9338506212857,552.0638506212857,1068.7,"[0.0, 0.0, 0.0, 0.0, 0.0, 0.0, 2.0, 0.0, 2.0, 0.0, 2.0, 0.0, 4.0, 2.0, 0.0, 2.0]"
11,246,797.4760299777193,550.7960299777193,2466.8,"[4.0, 0.0, 0.0, 0.0, 0.0, 0.0, 0.0, 2.0, 0.0, 4.0, 0.0, 4.0, 2.0, 4.0, 0.0, 0.0]"
11,247,691.3992317666126,549.7212317666126,1416.7800000000002,"[0.0, 0.0, 2.0, 0.0, 0.0, 0.0, 0.0, 2.0, 2.0, 0.0, 2.0, 4.0, 0.0, 2.0, 0.0, 2.0]"
11,248,680.5782431118314,563.0502431118314,1175.2800000000002,"[0.0, 0.0, 0.0, 0.0, 0.0, 2.0, 0.0, 2.0, 0.0, 2.0, 0.0, 0.0, 0.0, 4.0, 0.0, 0.0]"
11,249,748.1254651539709,563.7394651539709,1843.8600000000004,"[0.0, 0.0, 0.0, 4.0, 0.0, 0.0, 0.0, 2.0, 4.0, 0.0, 4.0, 4.0, 2.0, 2.0, 0.0, 2.0]"
11,250,763.2937371690978,579.6487371690978,1836.45,"[0.0, 2.0, 0.0, 0.0, 0.0, 2.0, 0.0, 0.0, 0.0, 0.0, 2.0, 4.0, 0.0, 0.0, 2.0, 4.0]"
11,251,684.9736034575905,568.3336034575905,1166.4,"[0.0, 0.0, 0.0, 4.0, 0.0, 4.0, 0.0, 0.0, 0.0, 0.0, 0.0, 0.0, 0.0, 2.0, 0.0, 0.0]"
11,252,844.0237128485585,545.1227128485585,2989.01,"[0.0, 0.0, 0.0, 4.0, 4.0, 0.0, 0.0, 0.0, 4.0, 4.0, 4.0, 2.0, 4.0, 4.0, 2.0, 0.0]"
11,253,822.3097665248803,562.2777665248802,2600.32,"[0.0, 0.0, 0.0, 0.0, 0.0, 4.0, 4.0, 2.0, 4.0, 4.0, 0.0, 0.0, 0.0, 2.0, 2.0, 4.0]"
11,254,641.1613602593543,565.3113602593543,758.5,"[0.0, 0.0, 0.0, 0.0, 0.0, 0.0, 0.0, 2.0, 0.0, 0.0, 0.0, 2.0, 0.0, 2.0, 0.0, 0.0]"
11,255,709.0305132360886,552.1755132360886,1568.5500000000002,"[4.0, 0.0, 0.0, 0.0, 0.0, 2.0, 0.0, 0.0, 2.0, 2.0, 4.0, 0.0, 0.0, 2.0, 2.0, 0.0]"
11,256,847.6041282830329,555.1001282830329,2925.0400000000004,"[0.0, 4.0, 2.0, 0.0, 4.0, 0.0, 0.0, 0.0, 0.0, 4.0, 0.0, 4.0, 0.0, 0.0, 2.0, 0.0]"
11,257,641.8439515061463,562.5529515061462,792.9100000000001,"[0.0, 0.0, 0.0, 0.0, 0.0, 0.0, 0.0, 0.0, 0.0, 0.0, 0.0, 2.0, 0.0, 2.0, 0.0, 4.0]"
11,258,712.0628462992977,531.3968462992976,1806.6600000000003,"[0.0, 0.0, 2.0, 0.0, 2.0, 0.0, 0.0, 0.0, 2.0, 2.0, 2.0, 0.0, 4.0, 4.0, 0.0, 2.0]"
11,259,672.1337423014588,545.4017423014587,1267.3200000000002,"[0.0, 0.0, 0.0, 0.0, 0.0, 0.0, 0.0, 0.0, 0.0, 0.0, 4.0, 0.0, 4.0, 4.0, 2.0, 2.0]"
11,260,726.8522034035657,571.8362034035656,1550.16,"[4.0, 4.0, 0.0, 0.0, 0.0, 0.0, 0.0, 0.0, 2.0, 0.0, 0.0, 2.0, 0.0, 0.0, 0.0, 0.0]"
11,261,839.3103256363515,558.0073256363514,2813.0300000000007,"[0.0, 0.0, 0.0, 0.0, 2.0, 2.0, 0.0, 4.0, 2.0, 0.0, 4.0, 4.0, 0.0, 4.0, 2.0, 4.0]"
11,262,708.14971636953,555.27471636953,1528.75,"[4.0, 0.0, 0.0, 2.0, 2.0, 0.0, 0.0, 0.0, 4.0, 0.0, 4.0, 0.0, 0.0, 4.0, 0.0, 0.0]"
11,263,748.1312549972987,564.7282549972987,1834.03,"[0.0, 0.0, 0.0, 4.0, 4.0, 0.0, 0.0, 0.0, 2.0, 2.0, 0.0, 0.0, 0.0, 2.0, 2.0, 0.0]"
11,264,713.9943507326626,532.2343507326626,1817.6000000000001,"[0.0, 0.0, 4.0, 2.0, 0.0, 0.0, 0.0, 0.0, 4.0, 4.0, 4.0, 2.0, 0.0, 2.0, 0.0, 4.0]"
12,265,603.3237571766296,558.2787571766296,450.45000000000005,"[0.0, 0.0, 0.0, 0.0, 0.0, 0.0, 0.0, 0.0, 0.0, 0.0, 4.0, 0.0, 0.0, 2.0, 2.0, 0.0]"
12,266,606.434289091523,560.9042890915231,455.3,"[0.0, 0.0, 0.0, 0.0, 0.0, 0.0, 0.0, 0.0, 0.0, 0.0, 0.0, 2.0, 0.0, 2.0, 0.0, 0.0]"
12,267,799.8224468975761,556.3714468975761,2434.51,"[0.0, 2.0, 0.0, 2.0, 2.0, 0.0, 2.0, 0.0, 2.0, 0.0, 2.0, 2.0, 4.0, 2.0, 0.0, 4.0]"
12,268,657.9367544570503,551.0667544570503,1068.7,"[0.0, 0.0, 0.0, 0.0, 0.0, 0.0, 2.0, 0.0, 2.0, 0.0, 0.0, 0.0, 4.0, 2.0, 0.0, 2.0]"
12,269,717.8914037409684,539.8694037409683,1780.2200000000003,"[0.0, 0.0, 4.0, 0.0, 0.0, 0.0, 4.0, 0.0, 0.0, 0.0, 0.0, 4.0, 0.0, 2.0, 0.0, 2.0]"
12,270,662.6448722312264,559.6488722312264,1029.96,"[0.0, 0.0, 0.0, 0.0, 0.0, 4.0, 0.0, 0.0, 0.0, 0.0, 0.0, 0.0, 2.0, 2.0, 0.0, 0.0]"
12,271,830.8762020795356,562.0372020795355,2688.3900000000003,"[0.0, 4.0, 0.0, 4.0, 2.0, 2.0, 0.0, 0.0, 0.0, 4.0, 2.0, 0.0, 0.0, 4.0, 0.0, 2.0]"
12,272,664.3573572634565,556.0303572634565,1083.2700000000002,"[0.0, 0.0, 0.0, 0.0, 0.0, 0.0, 0.0, 2.0, 2.0, 4.0, 2.0, 0.0, 0.0, 4.0, 0.0, 0.0]"
12,273,724.1369561107359,542.8149561107359,1813.2200000000003,"[2.0, 0.0, 4.0, 0.0, 0.0, 0.0, 4.0, 2.0, 0.0, 0.0, 2.0, 0.0, 0.0, 2.0, 0.0, 2.0]"
12,274,654.5830434958801,560.9260434958801,936.5700000000002,"[0.0, 0.0, 0.0, 2.0, 0.0, 0.0, 0.0, 0.0, 2.0, 0.0, 0.0, 4.0, 0.0, 2.0, 0.0, 0.0]"
12,275,776.9196138005536,549.0196138005537,2279.0,"[2.0, 0.0, 2.0, 0.0, 2.0, 2.0, 0.0, 0.0, 0.0, 0.0, 0.0, 4.0, 0.0, 2.0, 0.0, 4.0]"
12,276,706.1596058887087,557.3416058887087,1488.1800000000003,"[2.0, 0.0, 0.0, 0.0, 0.0, 2.0, 0.0, 0.0, 0.0, 4.0, 2.0, 2.0, 0.0, 2.0, 0.0, 0.0]"
12,277,766.2058448916199,545.9328448916199,2202.7300000000005,"[4.0, 0.0, 0.0, 0.0, 0.0, 0.0, 0.0, 0.0, 0.0, 0.0, 4.0, 4.0, 0.0, 4.0, 4.0, 2.0]"
12,278,670.7991188546731,547.5301188546731,1232.6900000000003,"[2.0, 0.0, 0.0, 0.0, 0.0, 0.0, 0.0, 0.0, 0.0, 0.0, 4.0, 0.0, 4.0, 2.0, 2.0, 0.0]"
12,279,698.3550596974609,565.1270596974608,1332.2800000000002,"[0.0, 0.0, 0.0, 0.0, 0.0, 0.0, 0.0, 4.0, 0.0, 0.0, 0.0, 2.0, 0.0, 2.0, 2.0, 0.0]"
12,280,621.9488125084424,538.2458125084424,837.0300000000002,"[0.0, 0.0, 2.0, 2.0, 0.0, 0.0, 0.0, 0.0, 0.0, 0.0, 4.0, 0.0, 0.0, 2.0, 2.0, 0.0]"
12,281,934.7494806913314,542.1154806913314,3926.34,"[0.0, 4.0, 4.0, 4.0, 2.0, 4.0, 0.0, 4.0, 0.0, 2.0, 4.0, 0.0, 0.0, 4.0, 0.0, 4.0]"
12,282,702.6842741761211,551.9302741761211,1507.5400000000002,"[0.0, 0.0, 0.0, 0.0, 0.0, 2.0, 4.0, 0.0, 2.0, 2.0, 0.0, 0.0, 0.0, 4.0, 0.0, 2.0]"
12,283,709.3379146407348,532.4829146407347,1768.5500000000002,"[0.0, 0.0, 2.0, 2.0, 0.0, 0.0, 0.0, 0.0, 0.0, 0.0, 0.0, 2.0, 4.0, 2.0, 2.0, 2.0]"
12,284,675.5494854132901,562.2644854132901,1132.8500000000001,"[0.0, 0.0, 0.0, 4.0, 0.0, 0.0, 2.0, 0.0, 2.0, 0.0, 2.0, 0.0, 0.0, 2.0, 0.0, 4.0]"
12,285,731.0875145499966,535.7895145499966,1952.98,"[0.0, 0.0, 4.0, 0.0, 0.0, 4.0, 0.0, 0.0, 0.0, 0.0, 4.0, 2.0, 4.0, 2.0, 0.0, 0.0]"
12,286,787.6010124223603,530.1180124223603,2574.8300000000004,"[4.0, 0.0, 4.0, 0.0, 0.0, 2.0, 0.0, 0.0, 2.0, 2.0, 0.0, 0.0, 0.0, 2.0, 4.0, 4.0]"
12,287,728.838173419773,566.7791734197731,1620.5900000000001,"[0.0, 2.0, 0.0, 2.0, 0.0, 0.0, 0.0, 2.0, 2.0, 0.0, 0.0, 2.0, 0.0, 2.0, 0.0, 4.0]"
12,288,605.9325008443094,577.8975008443094,280.35,"[0.0, 0.0, 0.0, 0.0, 0.0, 0.0, 0.0, 0.0, 0.0, 0.0, 0.0, 2.0, 0.0, 0.0, 0.0, 0.0]"
13,289,601.9583400878081,556.9133400878081,450.45000000000005,"[0.0, 0.0, 0.0, 0.0, 0.0, 0.0, 0.0, 0.0, 0.0, 0.0, 4.0, 0.0, 0.0, 2.0, 2.0, 0.0]"
13,290,607.4455369807497,579.4105369807497,280.35,"[0.0, 0.0, 0.0, 0.0, 0.0, 0.0, 0.0, 0.0, 0.0, 0.0, 0.0, 2.0, 0.0, 0.0, 0.0, 0.0]"
13,291,653.2063618558791,561.406361855879,918.0,"[0.0, 0.0, 0.0, 0.0, 0.0, 0.0, 0.0, 2.0, 0.0, 0.0, 0.0, 0.0, 0.0, 2.0, 2.0, 2.0]"
13,292,775.2888514517218,548.6698514517218,2266.19,"[0.0, 2.0, 2.0, 2.0, 4.0, 2.0, 0.0, 0.0, 0.0, 0.0, 4.0, 0.0, 0.0, 2.0, 2.0, 0.0]"
13,293,619.0303679589356,553.9923679589356,650.3800000000001,"[0.0, 0.0, 0.0, 0.0, 0.0, 0.0, 2.0, 0.0, 0.0, 0.0, 0.0, 0.0, 2.0, 2.0, 0.0, 0.0]"
13,294,699.7318833063209,561.2408833063209,1384.91,"[0.0, 0.0, 0.0, 4.0, 0.0, 0.0, 0.0, 0.0, 0.0, 2.0, 0.0, 2.0, 0.0, 2.0, 0.0, 4.0]"
13,295,699.0029689357104,577.1199689357104,1218.8300000000002,"[0.0, 0.0, 0.0, 4.0, 0.0, 0.0, 0.0, 0.0, 0.0, 0.0, 0.0, 4.0, 0.0, 0.0, 2.0, 0.0]"
13,296,812.2620000000001,539.375,2728.8700000000003,"[0.0, 4.0, 4.0, 0.0, 2.0, 0.0, 4.0, 0.0, 0.0, 0.0, 0.0, 2.0, 0.0, 4.0, 0.0, 2.0]"
13,297,720.563808752026,554.328808752026,1662.3500000000001,"[0.0, 0.0, 2.0, 0.0, 0.0, 0.0, 4.0, 0.0, 0.0, 4.0, 0.0, 4.0, 0.0, 0.0, 0.0, 0.0]"
13,298,685.1204689357104,576.6824689357104,1084.38,"[0.0, 0.0, 0.0, 0.0, 0.0, 4.0, 2.0, 0.0, 0.0, 0.0, 0.0, 0.0, 2.0, 0.0, 0.0, 0.0]"
13,299,736.3440964343598,559.1090964343598,1772.3500000000001,"[0.0, 0.0, 0.0, 4.0, 0.0, 0.0, 0.0, 2.0, 2.0, 4.0, 2.0, 0.0, 4.0, 2.0, 0.0, 0.0]"
13,300,643.4301048223693,556.5081048223693,869.2200000000001,"[0.0, 0.0, 0.0, 2.0, 0.0, 0.0, 0.0, 0.0, 2.0, 0.0, 0.0, 0.0, 0.0, 4.0, 0.0, 4.0]"
13,301,682.3336261480281,552.4916261480281,1298.42,"[0.0, 0.0, 0.0, 0.0, 0.0, 0.0, 4.0, 0.0, 0.0, 0.0, 0.0, 0.0, 4.0, 2.0, 0.0, 2.0]"
13,302,651.9646729704174,563.4566729704173,885.0800000000002,"[0.0, 0.0, 0.0, 0.0, 0.0, 0.0, 2.0, 2.0, 2.0, 0.0, 0.0, 0.0, 0.0, 2.0, 0.0, 2.0]"
13,303,747.6222787682334,553.9592787682334,1936.63,"[0.0, 0.0, 0.0, 0.0, 4.0, 0.0, 0.0, 0.0, 0.0, 2.0, 0.0, 2.0, 4.0, 2.0, 0.0, 0.0]"
13,304,705.7162998379256,546.6952998379255,1590.21,"[0.0, 0.0, 2.0, 2.0, 0.0, 0.0, 2.0, 0.0, 0.0, 0.0, 0.0, 2.0, 2.0, 0.0, 2.0, 2.0]"
13,305,633.9568415507226,558.5908415507226,753.6600000000001,"[2.0, 0.0, 0.0, 0.0, 0.0, 0.0, 0.0, 0.0, 0.0, 0.0, 4.0, 2.0, 0.0, 2.0, 0.0, 0.0]"
13,306,621.5096727456939,558.728672745694,627.8100000000001,"[0.0, 0.0, 0.0, 0.0, 0.0, 0.0, 0.0, 0.0, 0.0, 0.0, 0.0, 2.0, 0.0, 4.0, 0.0, 0.0]"
13,307,656.0022354291889,560.2022354291889,958.0,"[2.0, 0.0, 0.0, 2.0, 0.0, 0.0, 0.0, 0.0, 4.0, 0.0, 2.0, 2.0, 0.0, 2.0, 0.0, 0.0]"
13,308,602.1304103343464,557.0854103343464,450.45000000000005,"[0.0, 0.0, 0.0, 0.0, 0.0, 0.0, 0.0, 0.0, 0.0, 0.0, 4.0, 0.0, 0.0, 2.0, 2.0, 0.0]"
13,309,724.4515567560268,562.6955567560268,1617.5600000000002,"[0.0, 2.0, 4.0, 0.0, 0.0, 0.0, 0.0, 4.0, 0.0, 0.0, 2.0, 2.0, 0.0, 0.0, 0.0, 0.0]"
13,310,623.8603913278401,556.9013913278401,669.5900000000001,"[0.0, 0.0, 0.0, 0.0, 0.0, 0.0, 0.0, 0.0, 0.0, 2.0, 2.0, 2.0, 0.0, 2.0, 0.0, 0.0]"
13,311,829.5692430625886,561.4002430625886,2681.6900000000005,"[0.0, 4.0, 0.0, 4.0, 2.0, 2.0, 4.0, 0.0, 2.0, 0.0, 4.0, 0.0, 0.0, 2.0, 2.0, 0.0]"
13,312,692.9903884386817,541.1813884386818,1518.0900000000001,"[0.0, 0.0, 2.0, 0.0, 0.0, 0.0, 0.0, 4.0, 0.0, 2.0, 2.0, 0.0, 0.0, 4.0, 0.0, 2.0]"
14,313,604.6361854103343,559.5911854103343,450.45000000000005,"[0.0, 0.0, 0.0, 0.0, 0.0, 0.0, 0.0, 0.0, 0.0, 0.0, 4.0, 0.0, 0.0, 2.0, 2.0, 0.0]"
14,314,603.4940037149612,558.4490037149612,450.45000000000005,"[0.0, 0.0, 0.0, 0.0, 0.0, 0.0, 0.0, 0.0, 0.0, 0.0, 4.0, 0.0, 0.0, 2.0, 2.0, 0.0]"
14,315,720.1586944894652,556.4526944894652,1637.0600000000002,"[0.0, 0.0, 0.0, 0.0, 0.0, 0.0, 4.0, 0.0, 0.0, 4.0, 0.0, 4.0, 0.0, 2.0, 0.0, 0.0]"
14,316,672.9053662884927,536.2473662884927,1366.5800000000002,"[2.0, 0.0, 2.0, 2.0, 0.0, 0.0, 0.0, 0.0, 2.0, 0.0, 0.0, 0.0, 0.0, 4.0, 0.0, 4.0]"
14,317,778.1381836596894,565.2381836596894,2129.0,"[4.0, 0.0, 0.0, 0.0, 4.0, 2.0, 0.0, 0.0, 0.0, 0.0, 4.0, 0.0, 0.0, 2.0, 2.0, 0.0]"
14,318,700.748775256618,552.815775256618,1479.3300000000002,"[0.0, 0.0, 0.0, 4.0, 0.0, 0.0, 0.0, 0.0, 0.0, 0.0, 0.0, 0.0, 4.0, 2.0, 2.0, 2.0]"
14,319,698.7809840626688,556.2669840626688,1425.1400000000003,"[2.0, 4.0, 0.0, 0.0, 0.0, 0.0, 0.0, 0.0, 0.0, 0.0, 4.0, 0.0, 0.0, 2.0, 2.0, 0.0]"
14,320,721.6325010804971,545.6355010804971,1759.9700000000003,"[0.0, 0.0, 0.0, 0.0, 0.0, 0.0, 2.0, 0.0, 0.0, 4.0, 2.0, 0.0, 4.0, 2.0, 2.0, 2.0]"
14,321,624.7750996285039,579.5050996285039,452.70000000000005,"[0.0, 0.0, 0.0, 0.0, 0.0, 0.0, 0.0, 0.0, 0.0, 0.0, 0.0, 2.0, 0.0, 0.0, 0.0, 2.0]"
14,322,789.0871220714333,557.8721220714333,2312.15,"[4.0, 4.0, 0.0, 0.0, 0.0, 0.0, 0.0, 2.0, 4.0, 0.0, 0.0, 2.0, 0.0, 2.0, 2.0, 0.0]"
14,323,803.9570573936529,591.8650573936529,2120.92,"[0.0, 4.0, 0.0, 0.0, 0.0, 4.0, 2.0, 4.0, 0.0, 0.0, 2.0, 0.0, 0.0, 0.0, 0.0, 0.0]"
14,324,751.5804943273905,560.2104943273905,1913.7,"[0.0, 0.0, 0.0, 2.0, 0.0, 4.0, 0.0, 0.0, 0.0, 2.0, 0.0, 2.0, 0.0, 2.0, 2.0, 2.0]"
14,325,598.6477315096251,562.3947315096251,362.53000000000003,"[0.0, 0.0, 0.0, 2.0, 0.0, 0.0, 0.0, 0.0, 0.0, 0.0, 0.0, 0.0, 0.0, 2.0, 0.0, 0.0]"
14,326,724.1753722312264,566.2113722312264,1579.6400000000003,"[0.0, 0.0, 0.0, 0.0, 4.0, 0.0, 0.0, 0.0, 2.0, 0.0, 4.0, 0.0, 0.0, 2.0, 2.0, 4.0]"
14,327,684.830747974068,567.628747974068,1172.0200000000002,"[0.0, 0.0, 0.0, 0.0, 0.0, 0.0, 2.0, 4.0, 0.0, 0.0, 0.0, 0.0, 0.0, 2.0, 0.0, 2.0]"
14,328,630.0952609752803,547.8062609752803,822.89,"[0.0, 0.0, 0.0, 0.0, 0.0, 0.0, 2.0, 0.0, 0.0, 0.0, 0.0, 0.0, 2.0, 4.0, 0.0, 0.0]"
14,329,761.4241517995814,550.9281517995813,2104.9600000000005,"[0.0, 0.0, 0.0, 0.0, 0.0, 0.0, 4.0, 2.0, 0.0, 0.0, 0.0, 2.0, 0.0, 4.0, 4.0, 2.0]"
14,330,660.9381380334954,555.3571380334954,1055.8100000000002,"[0.0, 0.0, 0.0, 0.0, 0.0, 0.0, 4.0, 0.0, 0.0, 0.0, 0.0, 0.0, 2.0, 2.0, 0.0, 2.0]"
14,331,730.0104594813615,560.7624594813615,1692.48,"[0.0, 0.0, 0.0, 0.0, 2.0, 2.0, 0.0, 0.0, 2.0, 0.0, 2.0, 4.0, 2.0, 2.0, 0.0, 0.0]"
14,332,746.1087023230687,562.3257023230686,1837.83,"[0.0, 0.0, 0.0, 0.0, 0.0, 0.0, 2.0, 4.0, 2.0, 2.0, 0.0, 2.0, 0.0, 2.0, 0.0, 4.0]"
14,333,681.039528363047,551.197528363047,1298.42,"[0.0, 0.0, 0.0, 0.0, 0.0, 0.0, 4.0, 0.0, 0.0, 0.0, 0.0, 0.0, 4.0, 2.0, 0.0, 2.0]"
14,334,686.1985005402485,578.5365005402484,1076.6200000000001,"[2.0, 0.0, 0.0, 2.0, 0.0, 2.0, 0.0, 0.0, 0.0, 0.0, 0.0, 2.0, 0.0, 0.0, 0.0, 0.0]"
14,335,677.9300160059431,575.0090160059431,1029.21,"[0.0, 0.0, 0.0, 2.0, 0.0, 0.0, 0.0, 0.0, 2.0, 0.0, 4.0, 0.0, 4.0, 0.0, 0.0, 4.0]"
14,336,657.0761330541673,573.7551330541672,833.21,"[0.0, 0.0, 0.0, 0.0, 0.0, 0.0, 0.0, 0.0, 0.0, 0.0, 0.0, 0.0, 4.0, 0.0, 0.0, 4.0]"
15,337,598.6178091860858,562.3648091860857,362.53000000000003,"[0.0, 0.0, 0.0, 2.0, 0.0, 0.0, 0.0, 0.0, 0.0, 0.0, 0.0, 0.0, 0.0, 2.0, 0.0, 0.0]"
15,338,602.1572255994596,557.1122255994596,450.45000000000005,"[0.0, 0.0, 0.0, 0.0, 0.0, 0.0, 0.0, 0.0, 0.0, 0.0, 4.0, 0.0, 0.0, 2.0, 2.0, 0.0]"
15,339,748.39218298447,536.9091829844699,2114.8300000000004,"[0.0, 0.0, 2.0, 2.0, 4.0, 0.0, 0.0, 0.0, 0.0, 2.0, 0.0, 2.0, 0.0, 2.0, 2.0, 0.0]"
15,340,703.1936461372231,572.7796461372232,1304.1400000000003,"[0.0, 0.0, 0.0, 0.0, 4.0, 0.0, 0.0, 0.0, 2.0, 0.0, 4.0, 0.0, 0.0, 2.0, 0.0, 4.0]"
15,341,664.844851971907,560.498851971907,1043.46,"[0.0, 0.0, 2.0, 4.0, 0.0, 0.0, 0.0, 0.0, 4.0, 0.0, 0.0, 2.0, 0.0, 0.0, 0.0, 2.0]"
15,342,661.564755267423,551.402755267423,1101.6200000000001,"[0.0, 0.0, 0.0, 0.0, 0.0, 0.0, 0.0, 0.0, 0.0, 0.0, 4.0, 0.0, 4.0, 2.0, 2.0, 2.0]"
15,343,711.9305016207455,551.1095016207455,1608.21,"[0.0, 0.0, 0.0, 2.0, 0.0, 0.0, 0.0, 0.0, 0.0, 4.0, 4.0, 0.0, 4.0, 2.0, 0.0, 4.0]"
15,344,774.3239157212317,566.1809157212317,2081.4300000000003,"[4.0, 0.0, 0.0, 0.0, 0.0, 0.0, 0.0, 0.0, 0.0, 2.0, 0.0, 4.0, 0.0, 0.0, 4.0, 2.0]"
15,345,737.7683892490547,556.7673892490546,1810.0100000000002,"[0.0, 0.0, 0.0, 4.0, 2.0, 0.0, 0.0, 0.0, 0.0, 2.0, 4.0, 0.0, 4.0, 2.0, 0.0, 2.0]"
15,346,775.2927913571912,554.9887913571911,2203.0400000000004,"[0.0, 0.0, 2.0, 0.0, 0.0, 4.0, 0.0, 0.0, 0.0, 0.0, 0.0, 2.0, 4.0, 0.0, 2.0, 4.0]"
15,347,725.3025615883307,559.8485615883307,1654.5400000000002,"[0.0, 0.0, 0.0, 2.0, 0.0, 0.0, 0.0, 2.0, 0.0, 0.0, 0.0, 2.0, 0.0, 2.0, 4.0, 2.0]"
15,348,595.2752664640325,561.0512664640324,342.24,"[0.0, 0.0, 0.0, 0.0, 0.0, 0.0, 0.0, 0.0, 0.0, 0.0, 4.0, 0.0, 0.0, 2.0, 0.0, 2.0]"
15,349,679.3561898973528,561.3611898973528,1179.95,"[0.0, 0.0, 0.0, 0.0, 2.0, 0.0, 0.0, 0.0, 0.0, 0.0, 4.0, 0.0, 0.0, 2.0, 2.0, 4.0]"
15,350,622.3435943937858,558.5405943937858,638.0300000000001,"[0.0, 0.0, 0.0, 2.0, 0.0, 0.0, 0.0, 0.0, 0.0, 0.0, 2.0, 0.0, 0.0, 2.0, 2.0, 0.0]"
15,351,788.7994237105052,532.0524237105051,2567.4700000000003,"[0.0, 4.0, 4.0, 0.0, 0.0, 0.0, 0.0, 0.0, 0.0, 2.0, 0.0, 2.0, 4.0, 2.0, 0.0, 4.0]"
15,352,718.717616693679,579.6966166936791,1390.21,"[0.0, 4.0, 0.0, 0.0, 0.0, 0.0, 0.0, 2.0, 0.0, 0.0, 0.0, 0.0, 2.0, 0.0, 0.0, 2.0]"
15,353,677.537995678012,554.0829956780119,1234.5500000000002,"[0.0, 0.0, 0.0, 0.0, 0.0, 0.0, 4.0, 0.0, 2.0, 0.0, 2.0, 0.0, 2.0, 2.0, 0.0, 4.0]"
15,354,713.2413598055106,555.3093598055106,1579.3200000000002,"[0.0, 0.0, 0.0, 2.0, 0.0, 0.0, 0.0, 0.0, 0.0, 0.0, 4.0, 4.0, 4.0, 2.0, 0.0, 2.0]"
15,355,716.2887733657483,583.9067733657482,1323.8200000000002,"[0.0, 0.0, 0.0, 0.0, 0.0, 0.0, 0.0, 4.0, 0.0, 0.0, 0.0, 2.0, 0.0, 0.0, 2.0, 2.0]"
15,356,620.5616428474943,542.8976428474944,776.6400000000001,"[0.0, 0.0, 2.0, 0.0, 0.0, 0.0, 2.0, 0.0, 0.0, 0.0, 0.0, 0.0, 0.0, 2.0, 0.0, 2.0]"
15,357,625.4203566121842,553.1203566121842,723.0,"[2.0, 0.0, 0.0, 0.0, 0.0, 0.0, 0.0, 0.0, 2.0, 0.0, 0.0, 0.0, 2.0, 2.0, 0.0, 0.0]"
15,358,803.725990547566,561.739990547566,2419.86,"[0.0, 0.0, 2.0, 2.0, 0.0, 0.0, 0.0, 4.0, 0.0, 4.0, 0.0, 4.0, 0.0, 0.0, 2.0, 2.0]"
15,359,713.576211237169,557.959211237169,1556.17,"[0.0, 0.0, 2.0, 2.0, 0.0, 4.0, 0.0, 0.0, 0.0, 0.0, 4.0, 2.0, 0.0, 0.0, 2.0, 0.0]"
15,360,827.2640891169323,538.0150891169322,2892.4900000000002,"[0.0, 0.0, 4.0, 0.0, 0.0, 4.0, 2.0, 2.0, 0.0, 0.0, 4.0, 4.0, 0.0, 4.0, 2.0, 2.0]"
16,361,596.6194745018576,562.3954745018575,342.24,"[0.0, 0.0, 0.0, 0.0, 0.0, 0.0, 0.0, 0.0, 0.0, 0.0, 4.0, 0.0, 0.0, 2.0, 0.0, 2.0]"
16,362,598.4846447146235,562.2316447146235,362.53000000000003,"[0.0, 0.0, 0.0, 2.0, 0.0, 0.0, 0.0, 0.0, 0.0, 0.0, 0.0, 0.0, 0.0, 2.0, 0.0, 0.0]"
16,363,831.9498024441294,550.4658024441294,2814.84,"[4.0, 0.0, 0.0, 4.0, 0.0, 0.0, 0.0, 2.0, 0.0, 4.0, 2.0, 0.0, 2.0, 2.0, 4.0, 2.0]"
16,364,867.0880937141314,565.0920937141314,3019.9600000000005,"[0.0, 2.0, 0.0, 0.0, 2.0, 4.0, 4.0, 0.0, 0.0, 4.0, 0.0, 2.0, 0.0, 2.0, 0.0, 4.0]"
16,365,713.8902522960562,556.9832522960562,1569.0700000000002,"[0.0, 0.0, 0.0, 4.0, 0.0, 0.0, 4.0, 0.0, 0.0, 0.0, 0.0, 0.0, 0.0, 2.0, 4.0, 0.0]"
16,366,646.1176776982304,554.6116776982304,915.0600000000001,"[0.0, 0.0, 0.0, 2.0, 0.0, 0.0, 0.0, 0.0, 2.0, 0.0, 2.0, 0.0, 0.0, 2.0, 4.0, 0.0]"
16,367,682.4291661264181,568.0051661264181,1144.2400000000002,"[0.0, 2.0, 0.0, 0.0, 0.0, 0.0, 0.0, 2.0, 0.0, 0.0, 2.0, 0.0, 0.0, 2.0, 0.0, 4.0]"
16,368,724.9149783900594,562.2899783900594,1626.25,"[0.0, 0.0, 0.0, 2.0, 2.0, 0.0, 0.0, 0.0, 0.0, 4.0, 4.0, 2.0, 0.0, 2.0, 0.0, 2.0]"
16,369,767.2329881177425,526.8979881177424,2403.35,"[4.0, 0.0, 4.0, 2.0, 0.0, 0.0, 4.0, 0.0, 2.0, 0.0, 2.0, 0.0, 2.0, 2.0, 0.0, 4.0]"
16,370,774.1440729138537,535.1600729138537,2389.84,"[0.0, 0.0, 4.0, 2.0, 0.0, 4.0, 4.0, 0.0, 0.0, 0.0, 4.0, 2.0, 0.0, 2.0, 2.0, 0.0]"
16,371,709.8154702863317,556.9924702863317,1528.2300000000002,"[0.0, 4.0, 0.0, 0.0, 0.0, 0.0, 2.0, 0.0, 0.0, 0.0, 4.0, 0.0, 0.0, 2.0, 2.0, 2.0]"
16,372,719.5465008103729,576.6485008103729,1428.9800000000002,"[0.0, 4.0, 0.0, 0.0, 0.0, 0.0, 4.0, 0.0, 0.0, 0.0, 2.0, 2.0, 0.0, 0.0, 0.0, 0.0]"
16,373,712.2457879524582,527.2047879524581,1850.4100000000003,"[0.0, 0.0, 2.0, 0.0, 0.0, 0.0, 2.0, 0.0, 0.0, 4.0, 0.0, 0.0, 4.0, 4.0, 0.0, 2.0]"
16,374,830.1663180068867,550.8903180068868,2792.76,"[2.0, 4.0, 0.0, 4.0, 0.0, 0.0, 0.0, 0.0, 4.0, 4.0, 2.0, 2.0, 0.0, 2.0, 4.0, 0.0]"
16,375,624.4493598973459,535.2533598973458,891.96,"[0.0, 0.0, 2.0, 0.0, 0.0, 0.0, 0.0, 0.0, 0.0, 0.0, 4.0, 0.0, 2.0, 2.0, 2.0, 0.0]"
16,376,671.0021761210157,560.1491761210157,1108.5300000000002,"[2.0, 0.0, 0.0, 2.0, 0.0, 0.0, 0.0, 0.0, 0.0, 0.0, 4.0, 2.0, 0.0, 2.0, 0.0, 2.0]"
16,377,699.4744573203674,560.6164573203673,1388.5800000000002,"[0.0, 0.0, 0.0, 0.0, 0.0, 0.0, 4.0, 0.0, 2.0, 0.0, 4.0, 4.0, 0.0, 2.0, 0.0, 2.0]"
16,378,722.2504068071314,588.1724068071313,1340.7800000000002,"[0.0, 0.0, 0.0, 4.0, 0.0, 4.0, 0.0, 0.0, 0.0, 0.0, 2.0, 0.0, 0.0, 0.0, 0.0, 4.0]"
16,379,726.6904332793085,562.3984332793085,1642.92,"[0.0, 0.0, 0.0, 4.0, 0.0, 0.0, 4.0, 0.0, 0.0, 0.0, 0.0, 2.0, 0.0, 2.0, 0.0, 4.0]"
16,380,642.4582550820558,550.7892550820558,916.69,"[0.0, 0.0, 2.0, 0.0, 0.0, 0.0, 0.0, 0.0, 4.0, 4.0, 2.0, 0.0, 0.0, 0.0, 2.0, 0.0]"
16,381,687.9591315505133,575.4191315505133,1125.4,"[0.0, 0.0, 0.0, 0.0, 4.0, 0.0, 0.0, 0.0, 0.0, 0.0, 0.0, 0.0, 0.0, 2.0, 0.0, 2.0]"
16,382,871.0859858888665,557.3189858888665,3137.67,"[4.0, 0.0, 0.0, 4.0, 4.0, 0.0, 0.0, 0.0, 0.0, 0.0, 4.0, 4.0, 4.0, 2.0, 0.0, 2.0]"
16,383,674.5996280388979,555.9006280388978,1186.9900000000002,"[0.0, 0.0, 0.0, 2.0, 0.0, 0.0, 0.0, 0.0, 0.0, 0.0, 2.0, 2.0, 0.0, 2.0, 4.0, 0.0]"
16,384,751.9993915333199,531.9913915333199,2200.0800000000004,"[0.0, 0.0, 4.0, 2.0, 2.0, 0.0, 0.0, 0.0, 0.0, 0.0, 2.0, 4.0, 4.0, 2.0, 0.0, 0.0]"
17,385,596.5878973319825,562.3638973319825,342.24,"[0.0, 0.0, 0.0, 0.0, 0.0, 0.0, 0.0, 0.0, 0.0, 0.0, 4.0, 0.0, 0.0, 2.0, 0.0, 2.0]"
17,386,599.8936281661602,563.6406281661601,362.53000000000003,"[0.0, 0.0, 0.0, 2.0, 0.0, 0.0, 0.0, 0.0, 0.0, 0.0, 0.0, 0.0, 0.0, 2.0, 0.0, 0.0]"
17,387,597.2951816953732,561.0421816953732,362.53000000000003,"[0.0, 0.0, 0.0, 2.0, 0.0, 0.0, 0.0, 0.0, 0.0, 0.0, 2.0, 0.0, 0.0, 2.0, 0.0, 0.0]"
17,388,777.9454301532645,539.5394301532644,2384.0600000000004,"[0.0, 4.0, 2.0, 0.0, 0.0, 0.0, 0.0, 4.0, 0.0, 2.0, 4.0, 0.0, 2.0, 2.0, 2.0, 0.0]"
17,389,693.8291383036196,537.0941383036196,1567.3500000000001,"[0.0, 0.0, 2.0, 0.0, 0.0, 0.0, 0.0, 2.0, 4.0, 4.0, 4.0, 0.0, 0.0, 4.0, 2.0, 0.0]"
17,390,643.2813841166937,536.5143841166937,1067.67,"[0.0, 0.0, 2.0, 0.0, 0.0, 0.0, 0.0, 0.0, 2.0, 0.0, 0.0, 0.0, 2.0, 2.0, 2.0, 2.0]"
17,391,866.8198595638378,553.2798595638377,3135.4,"[4.0, 0.0, 0.0, 2.0, 4.0, 0.0, 2.0, 0.0, 2.0, 0.0, 2.0, 2.0, 0.0, 2.0, 4.0, 4.0]"
17,392,812.7186340804753,540.4096340804753,2723.09,"[0.0, 0.0, 4.0, 4.0, 0.0, 0.0, 4.0, 4.0, 0.0, 0.0, 0.0, 0.0, 0.0, 2.0, 4.0, 2.0]"
17,393,833.3177605158328,568.6767605158328,2646.4100000000003,"[0.0, 0.0, 0.0, 2.0, 4.0, 0.0, 4.0, 2.0, 4.0, 0.0, 0.0, 0.0, 0.0, 2.0, 4.0, 2.0]"
17,394,641.2604452249088,560.1684452249089,810.9200000000001,"[2.0, 0.0, 0.0, 0.0, 0.0, 0.0, 0.0, 0.0, 0.0, 0.0, 2.0, 0.0, 0.0, 2.0, 0.0, 4.0]"
17,395,706.911924365208,567.014924365208,1398.9700000000003,"[2.0, 0.0, 0.0, 0.0, 0.0, 0.0, 0.0, 4.0, 0.0, 0.0, 4.0, 0.0, 0.0, 2.0, 0.0, 4.0]"
17,396,796.0357413909521,578.1427413909521,2178.9300000000003,"[0.0, 0.0, 0.0, 4.0, 4.0, 4.0, 2.0, 0.0, 0.0, 0.0, 0.0, 0.0, 0.0, 2.0, 0.0, 0.0]"
17,397,598.6722164809186,562.4192164809185,362.53000000000003,"[0.0, 0.0, 0.0, 2.0, 0.0, 0.0, 0.0, 0.0, 0.0, 0.0, 2.0, 0.0, 0.0, 2.0, 0.0, 0.0]"
17,398,672.2347193408968,561.3817193408968,1108.5300000000002,"[2.0, 0.0, 0.0, 2.0, 0.0, 0.0, 0.0, 0.0, 0.0, 0.0, 4.0, 2.0, 0.0, 2.0, 0.0, 2.0]"
17,399,741.2099407117294,551.6419407117294,1895.68,"[4.0, 0.0, 2.0, 4.0, 0.0, 0.0, 0.0, 0.0, 2.0, 0.0, 0.0, 2.0, 0.0, 0.0, 2.0, 2.0]"
17,400,758.6119759654335,527.7879759654335,2308.2400000000002,"[2.0, 0.0, 4.0, 0.0, 0.0, 0.0, 4.0, 0.0, 4.0, 4.0, 2.0, 2.0, 2.0, 2.0, 0.0, 0.0]"
17,401,638.5158361475077,566.5208361475077,719.95,"[0.0, 0.0, 0.0, 4.0, 0.0, 0.0, 0.0, 0.0, 0.0, 0.0, 0.0, 0.0, 0.0, 2.0, 0.0, 2.0]"
17,402,727.2721801728796,566.3291801728795,1609.4300000000003,"[0.0, 0.0, 0.0, 2.0, 2.0, 4.0, 0.0, 0.0, 0.0, 0.0, 4.0, 0.0, 2.0, 2.0, 0.0, 0.0]"
17,403,762.1961748261192,565.0791748261192,1971.17,"[2.0, 4.0, 2.0, 2.0, 0.0, 0.0, 0.0, 4.0, 2.0, 0.0, 0.0, 0.0, 0.0, 0.0, 0.0, 0.0]"
17,404,643.5946374442793,562.5776374442793,810.1700000000001,"[0.0, 0.0, 0.0, 2.0, 0.0, 0.0, 0.0, 0.0, 0.0, 0.0, 4.0, 2.0, 0.0, 2.0, 0.0, 2.0]"
17,405,642.9026797244361,560.606679724436,822.96,"[0.0, 0.0, 0.0, 0.0, 0.0, 0.0, 4.0, 0.0, 2.0, 0.0, 4.0, 0.0, 0.0, 2.0, 0.0, 2.0]"
17,406,815.4214375422014,579.6424375422013,2357.7900000000004,"[0.0, 4.0, 0.0, 0.0, 2.0, 2.0, 0.0, 0.0, 0.0, 0.0, 4.0, 4.0, 2.0, 0.0, 0.0, 2.0]"
17,407,800.858565833896,592.202565833896,2086.5600000000004,"[0.0, 0.0, 0.0, 4.0, 4.0, 0.0, 0.0, 2.0, 0.0, 0.0, 0.0, 2.0, 0.0, 0.0, 0.0, 4.0]"
17,408,671.3639267963263,558.3979267963263,1129.66,"[2.0, 0.0, 0.0, 0.0, 0.0, 0.0, 4.0, 0.0, 4.0, 0.0, 0.0, 0.0, 0.0, 2.0, 0.0, 2.0]"
18,409,597.7614535629855,563.5374535629854,342.24,"[0.0, 0.0, 0.0, 0.0, 0.0, 0.0, 0.0, 0.0, 0.0, 0.0, 4.0, 0.0, 0.0, 2.0, 0.0, 2.0]"
18,410,598.411696386356,562.1586963863559,362.53000000000003,"[0.0, 0.0, 0.0, 2.0, 0.0, 0.0, 0.0, 0.0, 0.0, 0.0, 2.0, 0.0, 0.0, 2.0, 0.0, 0.0]"
18,411,605.7477510976022,558.4167510976022,473.31000000000006,"[2.0, 0.0, 0.0, 0.0, 0.0, 0.0, 0.0, 0.0, 0.0, 0.0, 0.0, 0.0, 0.0, 2.0, 0.0, 0.0]"
18,412,717.1450151269585,566.8970151269584,1502.4800000000002,"[0.0, 0.0, 0.0, 2.0, 0.0, 0.0, 0.0, 4.0, 0.0, 2.0, 4.0, 0.0, 0.0, 2.0, 0.0, 4.0]"
18,413,729.6553438681794,567.3263438681794,1623.2900000000002,"[0.0, 4.0, 0.0, 2.0, 0.0, 0.0, 0.0, 0.0, 0.0, 0.0, 2.0, 0.0, 4.0, 0.0, 2.0, 0.0]"
18,414,598.2627119216481,543.1727119216481,550.9,"[0.0, 0.0, 2.0, 0.0, 0.0, 0.0, 0.0, 0.0, 2.0, 0.0, 0.0, 0.0, 0.0, 2.0, 0.0, 2.0]"
18,415,704.4763787142085,563.8993787142085,1405.7700000000002,"[0.0, 0.0, 0.0, 2.0, 0.0, 2.0, 0.0, 0.0, 0.0, 0.0, 4.0, 4.0, 0.0, 2.0, 0.0, 2.0]"
18,416,617.4071604187774,559.7251604187774,576.82,"[0.0, 0.0, 0.0, 2.0, 0.0, 0.0, 0.0, 0.0, 0.0, 2.0, 2.0, 0.0, 0.0, 2.0, 0.0, 0.0]"
18,417,773.7820102619498,531.8040102619498,2419.78,"[2.0, 0.0, 4.0, 0.0, 2.0, 0.0, 4.0, 0.0, 4.0, 4.0, 2.0, 0.0, 2.0, 2.0, 0.0, 0.0]"
18,418,624.1579402228977,561.0569402228977,631.0100000000001,"[0.0, 0.0, 0.0, 0.0, 0.0, 0.0, 0.0, 0.0, 2.0, 0.0, 4.0, 2.0, 0.0, 2.0, 0.0, 2.0]"
18,419,675.8863573743923,543.1763573743923,1327.1000000000001,"[0.0, 0.0, 2.0, 0.0, 2.0, 2.0, 0.0, 0.0, 2.0, 0.0, 0.0, 0.0, 2.0, 2.0, 0.0, 0.0]"
18,420,707.7064659643436,559.9504659643436,1477.5600000000002,"[0.0, 0.0, 0.0, 2.0, 2.0, 0.0, 0.0, 0.0, 0.0, 0.0, 4.0, 2.0, 0.0, 2.0, 2.0, 2.0]"
18,421,709.5193530524042,562.2593530524042,1472.6000000000001,"[0.0, 0.0, 0.0, 4.0, 0.0, 0.0, 4.0, 0.0, 0.0, 0.0, 0.0, 2.0, 0.0, 2.0, 0.0, 2.0]"
18,422,725.5467012425715,562.5027012425716,1630.4400000000003,"[0.0, 4.0, 0.0, 4.0, 0.0, 0.0, 2.0, 0.0, 0.0, 0.0, 0.0, 0.0, 0.0, 2.0, 0.0, 2.0]"
18,423,611.7635427162828,535.0525427162828,767.1100000000001,"[0.0, 0.0, 4.0, 2.0, 0.0, 0.0, 0.0, 0.0, 2.0, 0.0, 2.0, 0.0, 0.0, 2.0, 0.0, 0.0]"
18,424,728.9246558616965,553.3116558616964,1756.13,"[4.0, 0.0, 0.0, 2.0, 0.0, 2.0, 0.0, 0.0, 2.0, 2.0, 2.0, 0.0, 0.0, 2.0, 2.0, 0.0]"
18,425,690.7211591031875,550.5931591031874,1401.2800000000002,"[0.0, 0.0, 0.0, 2.0, 0.0, 0.0, 0.0, 0.0, 0.0, 2.0, 4.0, 2.0, 0.0, 2.0, 4.0, 0.0]"
18,426,801.996163403106,587.668163403106,2143.28,"[0.0, 4.0, 0.0, 2.0, 0.0, 0.0, 0.0, 4.0, 4.0, 2.0, 0.0, 2.0, 0.0, 0.0, 0.0, 2.0]"
18,427,664.4889909502263,566.8619909502262,976.2700000000001,"[0.0, 0.0, 0.0, 2.0, 0.0, 4.0, 0.0, 0.0, 0.0, 0.0, 2.0, 0.0, 0.0, 2.0, 0.0, 0.0]"
18,428,765.0498750928365,540.8498750928364,2242.0,"[2.0, 0.0, 2.0, 0.0, 0.0, 0.0, 0.0, 4.0, 2.0, 0.0, 0.0, 2.0, 2.0, 2.0, 2.0, 2.0]"
18,429,703.1543622366288,543.5673622366288,1595.8700000000001,"[2.0, 2.0, 2.0, 2.0, 2.0, 0.0, 0.0, 0.0, 2.0, 0.0, 0.0, 0.0, 0.0, 2.0, 0.0, 0.0]"
18,430,649.7016747264622,560.3356747264622,893.6600000000001,"[0.0, 2.0, 2.0, 0.0, 0.0, 0.0, 0.0, 0.0, 2.0, 0.0, 2.0, 0.0, 0.0, 0.0, 0.0, 4.0]"
18,431,643.9685931379172,555.5535931379171,884.1500000000001,"[0.0, 0.0, 0.0, 2.0, 0.0, 0.0, 0.0, 0.0, 0.0, 0.0, 2.0, 2.0, 2.0, 2.0, 0.0, 0.0]"
18,432,677.3613041599135,556.1123041599135,1212.4900000000002,"[2.0, 0.0, 0.0, 2.0, 0.0, 2.0, 0.0, 0.0, 0.0, 0.0, 4.0, 0.0, 2.0, 2.0, 0.0, 0.0]"
