ID, time, distance, start_x, start_y, end_x, end_y, state 
0,81.0993,110.554,176.364,392.672,67.7986,405.181,0
1,97.3991,135.861,202.264,305.852,249.295,185.163,0
2,119.099,166.8,308.744,680.888,312.794,818.042,0
3,25.8001,33.5993,146.764,660.143,149.705,693.181,0
4,3.6,2.95302,603.198,811.794,605.996,812.735,0
5,144.1,199.778,485.858,439.588,610.409,542.096,1
6,29.0001,39.4678,177.228,672.555,149.447,693.368,0
7,54.2997,67.8403,562.248,782.831,611.058,755.241,0
8,7,7.66596,360.535,180.118,355.902,174.081,0
9,16,21.1215,260.058,203.659,252.469,183.952,0
10,66.5996,90.4103,365.973,200.914,349.896,174.828,0
11,113.499,152.778,527.329,177.611,647.874,191.571,0
12,31.1001,41.7964,599.321,320.547,630.339,334.104,0
13,24.7001,32.2708,175.361,624.853,144.849,615.814,0
14,35.7,48.501,115.22,399.661,67.7378,405.158,0
15,117.599,166.666,503.955,200.292,355.878,173.982,0
16,21.1,29.0464,253.562,213.464,249.505,185.162,0
17,0,0,621.536,612.772,621.536,612.772,0
18,14.5,18.4687,404.915,96.4033,405.911,78.1261,0
19,67.7995,96.074,168.288,534.019,139.943,611.164,0
20,111.899,157.534,299.655,636.793,144.798,616.035,0
21,59.7997,81.9007,557.847,352.917,630.365,334.105,0
22,100.899,138.809,531.258,188.603,647.839,191.563,0
23,111.999,154.963,320.564,305.96,249.451,185.184,0
24,91.4992,126.572,209.889,532.593,139.926,611.142,0
25,144.1,203.573,423.164,613.997,587.976,616.114,1
26,82.9993,107.035,558.957,376.819,630.351,334.069,0
27,128.799,181.653,482.236,698.3,612.355,752.224,0
28,81.4993,114.51,257.389,632.895,144.82,615.966,0
29,144.1,202.078,496.358,505.548,603.829,526.292,1
30,5.8,5.91006,605.919,752.248,611.473,754.27,0
31,22.6,30.3062,572.31,832.479,602.509,833.291,0
32,87.2992,124.539,510.94,653.921,613.186,612.795,0
33,43.6999,61.5931,596.22,229.778,648.018,197.829,0
34,144.1,194.613,393.289,338.21,329.625,185.232,1
35,99.4991,135.965,531.456,147.664,653.549,130.026,0
36,97.6991,140.18,277.441,644.519,144.762,616.037,0
37,99.1991,134.703,298.569,295.744,249.527,185.195,0
38,86.2993,124.196,276.222,297.235,249.434,185.149,0
39,50.3998,71.3649,417.007,195.696,355.853,173.934,0
40,63.4996,86.1273,439.351,179,355.943,173.98,0
41,133.199,185.945,476.17,399.089,630.328,334.053,0
42,73.5994,103.867,204.268,562.487,139.896,611.108,0
43,75.4994,107.665,546.922,123.811,653.537,129.98,0
44,42.9999,59.0131,193.333,679.733,149.444,693.364,0
45,135.199,186.31,498.021,539.339,613.221,612.798,0
46,140.699,200.71,478.994,414.088,630.294,334.064,0
47,124.699,178.28,213.373,438.762,67.8315,405.217,0
48,15.1,19.336,151.972,674.273,149.652,693.174,0
49,62.5996,87.1162,541.832,635.338,613.166,612.792,0
50,144.1,197.829,448.727,480.204,591.139,487.857,1
51,144.1,201.018,352.225,360.52,333.282,183.899,1
52,95.9991,130.166,536.159,152.806,653.472,129.981,0
53,142.199,205.051,248.069,416.615,67.7602,405.233,0
54,99.799,140.205,265.274,657.145,144.762,616.03,0
55,144.1,206.961,243.776,426.354,69.6955,405.199,1
56,61.5996,81.4682,583.226,187.694,647.803,191.557,0
57,144.1,194.332,425.143,434.932,561.766,343.127,1
58,40.9999,57.277,554.379,758.105,611.125,755.172,0
59,144.1,204.313,409.814,442.512,555.776,347.63,1
60,108.999,141.672,293.245,300.333,249.513,185.166,0
61,85.9993,123.373,534.918,131.305,653.566,130.019,0
62,47.8998,66.6395,589.296,661.625,613.257,612.777,0
63,133.799,187.411,254.412,354.048,249.508,185.177,0
64,129.499,183.507,534.368,303.723,647.977,197.95,0
65,144.1,192.447,394.19,329.316,331.228,183.962,1
66,102.899,147.793,316.218,694.286,312.694,818.032,0
67,6.7,7.10756,623.427,333.286,630.385,334.128,0
68,118.299,167.515,533.965,288.049,648.044,197.834,0
69,140.599,195.155,253.598,501.43,139.912,611.149,0
70,83.3993,114.141,362.946,234.946,350.012,174.761,0
71,82.3993,116.052,320.509,712.769,312.692,817.962,0
72,85.7993,122.607,351.188,703.579,312.65,817.977,0
73,144.1,203.008,313.453,375.917,256.879,227.11,1
74,144.1,199.581,389.963,442.229,342.403,271.357,1
75,84.8993,120.137,583.294,278.677,647.968,197.941,0
76,144.1,202.018,469.974,370.553,627.834,334.053,1
77,144.1,203.231,278.878,372.073,249.527,187.045,1
78,144.1,199.907,419.109,506.4,564.477,450.591,1
79,68.8995,97.9729,264.427,280.216,249.459,185.117,0
80,144.1,192.556,444.894,487.243,586.535,475.575,1
81,67.3995,98.1009,241.075,626.022,144.794,615.982,0
82,15.2,18.7673,595.573,614.719,613.2,612.824,0
83,144.1,132.305,580.665,537.511,577.539,545.289,1
84,99.999,136.496,313.409,283.318,249.522,185.191,0
85,144.1,191.855,357.058,556.778,227.942,625.319,1
86,143.4,197.25,500.875,576.73,613.229,612.806,0
87,92.9992,128.669,211.434,306.944,249.469,185.233,0
88,84.8993,107.836,306.952,248.128,349.688,174.715,0
89,54.5997,76.9786,357.256,195.594,349.893,174.764,0
90,65.8996,90.2115,572.956,674.689,613.228,612.738,0
91,48.3998,59.6307,569.849,780.52,611.058,755.101,0
92,79.9994,113.067,573.006,442.172,615.544,540.195,0
93,79.8994,108.205,87.8419,472.994,67.696,405.166,0
94,110.399,153.346,205.337,317.948,249.533,185.187,0
95,68.6995,90.5604,304.247,230.096,349.837,174.627,0
96,144.1,205.843,378.924,342.867,348.996,176.243,1
97,0,0,405.617,73.7946,405.617,73.7946,0
98,52.9998,73.5942,591.442,192.463,648.034,197.879,0
99,131.699,187.409,476.31,550.698,613.164,612.793,0
100,76.2994,108.423,575.623,446.331,615.67,540.529,0
101,80.6993,113.107,225.091,294.28,249.544,185.131,0
102,144.1,201.791,513.567,259.651,643.768,202.505,1
103,144.1,196.436,388.698,517.112,529.606,444.131,1
104,77.3994,107.443,423.227,233.179,355.937,174.014,0
105,71.2995,100.254,541.376,495.618,615.717,540.546,0
106,144.1,192.775,422.903,403.148,570.679,339.325,1
107,18.4,24.3145,167.696,623.023,144.637,615.717,0
108,115.999,158.505,489.801,638.685,613.192,612.799,0
109,128.499,180.197,450.996,638.712,613.289,612.848,0
110,95.8991,135.917,272.1,617.498,144.794,616.028,0
111,17.2,20.2455,87.0148,409.776,67.7942,405.142,0
112,34.8,48.4281,605.797,133.528,653.56,130.047,0
113,144.1,196.452,449.268,487.402,588.367,480.586,1
114,51.9998,67.1181,190.423,591.315,144.677,616.414,0
115,24.0001,31.2493,232.799,205.022,249.468,185.157,0
116,72.5995,101.902,244.592,631.142,144.756,615.785,0
117,33.3001,45.2942,612.423,192.95,648.211,198.071,0
118,144.1,205.129,385.039,645.766,312.455,809.023,1
119,53.9997,76.7466,268.716,258.645,249.509,185.241,0
120,144.1,196.626,442.832,497.419,584.505,470.008,1
121,103.099,143.82,277.107,648.449,144.837,616.037,0
122,104.599,136.7,233.61,775.701,152.83,701.783,0
123,131.499,185.065,534.131,305.375,647.992,197.932,0
124,90.4992,129.527,525.75,706.958,612.187,752.552,0
125,55.0997,76.6928,188.981,211.898,249.658,185.211,0
126,70.3995,99.9151,330.408,721.932,312.669,818.097,0
127,0,0,619.765,613.058,619.765,613.058,0
128,22.1,28.1438,159.186,600.817,144.807,616.115,0
129,85.1993,116.413,126.777,515.013,139.93,611.101,0
130,78.0994,110.537,574.102,444.642,615.709,540.465,0
131,94.3991,131.329,162.426,440.662,67.8377,405.16,0
132,97.3991,136.6,203.959,403.934,67.7016,405.163,0
133,87.4992,122.874,514.607,337.044,630.359,334.065,0
134,120.999,173.16,244.062,343.776,249.55,185.136,0
135,66.1996,93.0926,160.518,402.653,67.8293,405.229,0
136,48.6998,68.773,417.222,192.597,355.922,173.96,0
137,122.699,178.682,244.764,350.141,249.448,185.213,0
138,144.1,207.822,405.087,395.816,326.957,225.649,1
139,20.5,26.1385,145.54,642.325,139.866,620.915,0
140,49.2998,64.8022,550.927,752.932,611.16,755.157,0
141,3.8,3.23692,138.044,608.386,139.117,611.44,0
142,47.3998,66.0937,593.826,199.696,648.039,197.881,0
143,37.6,51.565,613.206,146.39,653.585,130.021,0
144,52.9998,76.1055,230.742,258.287,249.778,185.012,0
145,144.1,206.047,443.355,437.553,591.526,335.477,1
146,89.3992,115.008,345.47,266.739,350.145,174.823,0
147,0,0,248.686,175.68,248.686,175.68,0
148,55.3997,77.5538,423.08,157.795,355.835,173.98,0
149,45.8999,64.1408,550.767,753.698,611.128,755.196,0
150,53.9997,73.8378,173.864,561.139,139.948,611.144,0
151,121.999,172.296,359.347,658.579,312.716,818.065,0
152,102.999,148.425,517.411,136.785,653.585,130.02,0
153,144.1,200.987,377.964,572.706,334.452,743.245,1
154,114.299,165.003,173.634,301.568,249.85,185.087,0
155,144.1,199.166,399.08,508.217,548.338,448.286,1
156,64.3996,90.1008,544.991,353.236,630.363,334.145,0
157,37.3,52.5178,119.133,398.95,67.7416,405.167,0
158,79.1994,108.041,428.823,228.007,355.817,173.994,0
159,144.1,201.346,295.221,411.203,260.708,239.633,1
160,17.2,22.946,262.539,204.213,253.171,183.43,0
161,58.1997,78.2306,358.652,195.365,349.774,174.749,0
162,134.799,186.18,386.157,301.796,349.966,174.765,0
163,112.599,163.121,492.259,114.817,653.454,130.028,0
164,144.1,205.978,256.427,421.573,78.5611,405.227,1
165,84.6993,116.199,197.96,258.543,249.847,185.034,0
166,144.1,197.627,397.501,589.543,349.412,700.576,1
167,144.1,201.26,407.248,615,568.651,617.387,1
168,144.1,208.881,358.31,419.067,325.744,221.875,1
169,76.6994,107.44,233.032,288.859,249.801,185.113,0
170,93.8991,123.197,549.703,563.813,613.197,612.848,0
171,144.1,205.571,259.151,422.771,81.7117,405.233,1
172,69.8995,97.1173,176.337,535.626,139.924,611.143,0
173,144.1,54.4159,315.448,401.024,306.924,390.693,1
174,0,0,250.926,181.607,250.926,181.607,0
175,40.8999,56.9004,144.236,554.657,139.935,611.171,0
176,50.4998,70.9859,114.093,436.587,67.723,405.244,0
177,121.199,169.534,199.119,340.374,67.827,405.157,0
178,82.1993,114.102,266.791,294.55,249.424,185.153,0
179,46.5999,65.1301,200.995,210.913,249.825,185.105,0
180,85.5993,120.48,535.423,669.973,613.236,612.728,0
181,2.2,1.35252,254.568,183.412,253.297,182.949,0
182,82.4993,114.097,181.278,401.143,67.7807,405.234,0
183,144.1,130.84,574.648,544.966,572.239,546.237,1
184,31.6001,44.1643,409.143,121.685,405.929,78.1077,0
185,83.0993,114.58,509.172,639.132,613.278,612.847,0
186,74.5994,103.562,565.568,471.838,615.842,540.855,0
187,97.9991,139.651,350.823,686.539,312.661,818.039,0
188,75.6994,108.535,461.725,180.675,355.897,173.96,0
189,59.8997,82.0665,579.209,477.489,615.767,540.533,0
190,33.4001,45.85,407.507,123.641,405.931,78.1088,0
191,114.499,162.119,194.062,445.127,67.847,405.166,0
192,5,4.6622,140.579,606.497,139.789,611.05,0
193,0,0,610.112,836.521,610.112,836.521,0
194,56.4997,77.9499,331.678,233.735,349.871,174.645,0
195,62.1996,88.9402,272.63,269.922,249.525,185.103,0
196,24.3001,31.1584,153.489,590.739,139.856,611.104,0
197,125.099,172.82,183.511,522.716,139.894,611.16,0
198,0,0,408.11,70.7896,408.11,70.7896,0
199,144.1,12.951,471.752,331.586,470.941,329.85,1
200,144.1,200.656,397.156,364.552,321.83,200.88,1
201,8.6,9.73234,599.103,805.156,606.769,810.656,0
202,67.9995,96.2074,578.642,458.392,615.773,540.526,0
203,144.1,38.018,428.7,535.116,425.848,543.267,1
204,112.499,152.889,477.702,642.624,613.245,612.837,0
205,135.699,171.903,206.356,328.118,249.809,185.016,0
206,118.399,157.808,503.532,625.206,613.159,612.784,0
207,79.6994,106.661,560.422,377.087,630.37,334.065,0
208,144.1,200.238,479.093,530.565,605.321,612.833,1
209,110.199,155.081,228.534,567.329,144.731,616.049,0
210,16,19.0965,86.483,401.839,67.7294,405.239,0
211,69.1995,97.889,566.717,683.74,612.168,752.426,0
212,144.1,201.197,348.603,574.398,188.185,622.212,1
213,106.499,153.019,424.781,278.926,355.855,174.013,0
214,139.699,200.607,500.914,248.427,355.848,173.963,0
215,126.899,173.854,474.629,564.342,613.22,612.809,0
216,8.3,9.49296,252.493,194.184,249.371,185.225,0
217,144.1,197.225,422.458,473.161,582.862,465.538,1
218,54.9997,69.8535,592.385,178.903,647.827,191.608,0
219,111.199,147.99,487.673,623.998,613.177,612.8,0
220,120.499,172.166,413.165,711.987,312.758,817.951,0
221,62.5996,89.0796,151.17,523.322,139.929,611.115,0
222,144.1,195.916,476.067,490.122,587.498,478.104,1
223,73.9994,106.895,423.411,232.7,355.935,173.979,0
224,71.9995,100.761,532.957,352.416,630.257,334.136,0
225,144.1,201.602,312.509,460.214,160.34,395.908,1
226,14.9,19.1584,611.215,333.862,630.344,334.118,0
227,61.0996,84.0802,578.581,148.11,653.463,130.004,0
228,121.899,172.179,166.422,302.322,249.725,185.21,0
229,144.1,202.099,348.021,589.841,171.827,619.479,1
230,26.9001,35.1251,600.176,327.111,630.369,334.132,0
231,144.1,207.286,413.169,668.708,312.783,813.841,1
232,126.299,179.422,481.925,396.408,630.261,334.068,0
233,0,0,139.184,612.907,139.184,612.907,0
234,108.799,148.356,496.894,347.67,630.313,334.067,0
235,51.0998,71.9348,592.336,194.057,648.037,197.801,0
236,144.1,199.804,443.999,468.736,592.93,493.118,1
237,56.8997,74.0356,591.361,186.828,647.753,191.503,0
238,56.9997,80.7502,427.455,147.841,355.867,174.001,0
239,81.3993,110.867,349.894,251.262,349.969,174.803,0
240,109.499,155.098,504.057,188.404,355.915,174.03,0
241,115.999,156.666,444.475,264.316,355.824,173.948,0
242,144.1,200.092,442.563,365.407,410.509,192.885,1
243,96.9991,137.989,510.986,713.83,612.36,752.269,0
244,12.9,16.0085,598.168,745.331,612.298,752.342,0
245,33.1001,45.9137,322.899,773.725,312.652,817.984,0
246,133.499,190.767,441.071,634.052,613.234,612.814,0
247,144.1,203.845,388.063,458.511,529.493,364.135,1
248,144.1,127.239,88.9377,453.902,88.2919,460.478,1
249,86.9992,120.285,202.634,538.102,139.882,611.147,0
250,27.3001,36.3317,597.953,514.782,615.693,540.514,0
251,123.899,171.395,296.895,683.163,149.451,693.273,0
252,144.1,197.321,375.036,494.425,534.046,443.808,1
253,58.5997,77.5265,398.837,203.609,355.943,174.04,0
254,94.0991,131.702,298.152,292.633,249.661,185.227,0
255,61.6996,84.4969,566.047,492.12,615.648,540.344,0
256,144.1,199.386,286.188,502.035,162.106,566.321,1
257,96.0991,135.915,344.92,691.409,312.656,817.982,0
258,96.0991,131.209,223.571,312.428,249.28,185.221,0
259,100.299,135.991,192.354,413.63,67.7644,405.15,0
260,34.5,47.9291,402.957,170.33,355.919,173.935,0
261,13.6,17.1015,604.441,553.708,616.575,542.738,0
262,102.599,135.654,533.755,563.472,613.211,612.8,0
263,83.0993,113.94,224.554,605.685,144.735,616.036,0
264,29.0001,40.3978,291.273,192.127,252.489,183.986,0
265,144.1,196.549,357.423,553.763,224.405,625.448,1
266,90.4992,120.509,548.701,566.644,613.259,612.816,0
267,144.1,203.537,411.953,609.827,571.781,617.368,1
268,29.6001,37.5633,616.301,199.461,648.246,198.117,0
269,91.0992,124.829,352.085,272,349.965,174.825,0
270,75.8994,108.955,338.884,713.025,312.662,817.988,0
271,50.8998,72.0704,149.726,540.349,139.915,611.051,0
272,56.0997,80.1845,331.243,740.542,312.703,818.062,0
273,68.0995,97.2854,218.563,274.728,249.781,185.026,0
274,144.1,203.781,476.128,426.76,620.211,334.069,1
275,87.5992,115.321,343.953,269.287,349.668,174.664,0
276,14.9,19.2525,85.8276,412.023,67.6449,405.71,0
277,50.2998,68.2162,575.772,706.299,612.153,752.402,0
278,108.099,155.2,297.742,637.651,144.805,616.037,0
279,73.7994,97.4563,205.748,570.222,144.78,615.866,0
280,47.2999,67.1759,588.777,690.291,612.103,752.591,0
281,144.1,199.716,512.957,505.764,607.243,539.988,1
282,60.5996,86.2733,529.477,607.82,613.218,612.803,0
283,131.399,185.35,477.43,399.617,630.272,334.066,0
284,144.1,204.848,441.496,567.745,541.483,616.662,1
285,5.4,5.34583,602.338,818.011,607.338,816.125,0
286,86.3993,118.795,260.624,627.139,144.797,616.008,0
287,144.1,197.712,379.881,532.384,257.588,630.052,1
288,144.1,199.85,467.232,476.284,594.579,497.569,1
289,144.1,198.44,274.124,497.77,175.967,545.057,1
290,33.1001,45.4,183.266,673.638,149.453,693.354,0
291,108.199,149.113,282.816,705.74,311.962,818.163,0
292,41.5999,47.6448,604.034,294.637,635.91,282.492,0
293,99.3991,138.093,264.512,674.676,149.438,693.299,0
294,22.8001,30.738,599.752,335.143,630.368,334.075,0
295,39,54.2063,121.361,401.661,67.8154,405.212,0
296,61.6996,88.2116,336.629,733.845,312.65,818.045,0
297,144.1,204.403,344.745,538.936,217.479,625.371,1
298,128.799,174.217,250.053,573.752,144.788,616.028,0
299,20.5,27.4711,94.7879,402.829,67.77,405.183,0
300,144.1,204.276,411.643,643.564,595.201,613.619,1
301,107.099,148.249,481.492,646.893,613.177,612.847,0
302,110.799,156.454,544.893,286.562,648.028,197.826,0
303,122.899,165.688,197.674,349.599,67.7842,405.231,0
304,144.1,209.67,357.157,444.588,332.259,242.119,1
305,64.7996,93.1842,159.348,395.326,67.7263,405.187,0
306,144.1,204.078,455.091,500.494,556.34,617.688,1
307,98.7991,136.522,201.169,386.54,67.8004,405.247,0
308,87.7992,120.33,187.318,400.799,67.7179,405.152,0
309,9,10.4306,77.8098,407.22,67.7509,405.02,0
310,99.4991,141.513,495.913,338.419,630.352,334.05,0
311,77.9994,108.578,557.496,304.931,630.276,334.059,0
312,26.1001,34.1489,234.667,214.801,249.17,185.071,0
313,144.1,205.561,435.461,679.163,312.762,806.623,1
314,58.0997,80.2842,588.295,472.013,615.764,540.58,0
315,22.4,30.1119,599.194,726.043,612.307,752.386,0
316,144.1,195.74,431.587,379.313,560.033,344.494,1
317,89.7992,128.559,169.595,494.231,139.873,611.058,0
318,33.8001,46.5569,605.563,301.706,630.36,333.989,0
319,114.399,160.818,216.087,502.223,139.895,611.083,0
320,25.3001,33.8117,285.866,186.705,252.606,183.956,0
321,8.2,9.35722,347.666,183.841,350.866,175.048,0
322,67.8995,88.7044,537.544,748.061,611.171,755.155,0
323,144.1,198.637,403.206,580.958,511.582,641.927,1
324,144.1,196.515,323.407,481.861,198.499,535.692,1
325,47.3998,65.319,146.853,546.699,139.905,611.136,0
326,144.1,201.829,409.077,568.309,525.797,626.584,1
327,144.1,197.709,306.859,515.93,173.301,557.613,1
328,73.0995,104.116,540.539,713.787,612.168,752.564,0
329,144.1,204.941,374.386,440.594,336.208,254.199,1
330,144.1,195.607,359.239,491.83,276.213,599.833,1
331,94.3991,134.218,511.305,717.414,612.349,752.223,0
332,39.7,45.0874,602.34,291.196,635.977,282.515,0
333,40.4,53.2268,609.103,164.738,647.801,191.51,0
334,75.6994,103.192,348.781,243.126,349.901,174.681,0
335,144.1,203.299,492.741,504.297,603.166,523.912,1
336,36.7,51.2636,262.72,234.053,249.445,185.162,0
337,19.1,25.3143,623.559,184.41,647.835,191.389,0
338,121.299,164.079,518.749,208.533,647.761,191.558,0
339,144.1,205.975,433.337,607.451,590.391,615.291,1
340,40.4,57.1846,593.422,699.443,612.245,752.582,0
341,24.8001,31.4346,160.052,597.299,144.703,616.386,0
342,88.0992,119.832,188.154,263.028,249.592,185.163,0
343,122.299,168.189,229.909,555.173,144.786,616.027,0
344,144.1,206.974,451.41,338.661,371.651,174.724,1
345,84.1993,120.368,355.631,707.973,312.701,818.028,0
346,116.899,165.999,229.138,557.151,144.797,616.034,0
347,120.899,165.487,518.439,179.405,355.871,173.959,0
348,26.1001,33.5568,143.135,578.025,139.851,611.176,0
349,115.799,164.344,496.17,391.534,630.334,334.062,0
350,132.199,186.575,255.064,352.446,249.526,185.223,0
351,58.9997,78.0901,200.596,587.827,144.792,615.891,0
352,91.0992,123.445,223.553,304.616,249.215,185.081,0
353,67.6995,96.6877,164.262,403.62,67.7276,405.234,0
354,94.6991,131.099,211.525,310.008,249.409,185.197,0
355,108.199,145.966,318.876,297.282,249.534,185.159,0
356,136.799,192.291,439.616,640.756,613.225,612.79,0
357,45.9999,65.1791,579.004,706.734,612.068,752.562,0
358,57.0997,75.9097,198.129,592.425,144.53,616.525,0
359,55.4997,75.8409,268.559,777.326,311.852,818.332,0
360,144.1,204.378,462.2,430.081,610.372,334.026,1
361,144.1,188.993,356.577,549.456,235.92,626.345,1
362,96.3991,121.658,237.921,760.909,152.75,701.726,0
363,52.1998,65.1426,565.255,782.757,611.121,755.252,0
364,16.1,20.9656,172.468,709.162,152.91,701.679,0
365,104.599,147.325,598.427,451.07,615.682,540.547,0
366,101.199,140.201,288.162,308.575,249.505,185.112,0
367,101.499,145.368,285.385,641.273,144.772,616.04,0
368,55.9997,77.5863,268.56,259.383,249.476,185.232,0
369,144.1,205.065,370.61,633.271,312.669,817.699,1
370,144.1,206.656,448.013,571.931,552.857,617.354,1
371,130.499,182.66,322.026,620.842,144.704,616.033,0
372,57.0997,74.8965,585.444,315.689,630.362,334.102,0
373,124.499,167.651,496.055,366.659,630.302,334.083,0
374,0,0,621.247,539.627,621.247,539.627,0
375,106.999,149.392,275.404,678.055,149.452,693.209,0
376,130.699,182.756,228.187,492.015,139.887,611.111,0
377,144.1,200.953,261.561,504.714,139.93,608.183,1
378,107.099,138.122,231.929,777.199,152.826,701.799,0
379,97.6991,133.839,532.339,151.063,653.489,129.987,0
380,66.4996,95.6118,343.139,728.771,312.651,818.061,0
381,6,5.98154,344.84,177.209,350.16,174.911,0
382,133.299,187.596,213.169,476.451,139.901,611.197,0
383,53.2998,69.0628,593.887,182.03,647.843,191.547,0
384,144.1,209.027,460.672,336.286,369.073,174.738,1
385,144.1,197.597,419.903,389.425,579.748,336.624,1
386,66.7996,88.0551,576.489,370.875,630.324,334.048,0
387,122.499,171.262,421.123,293.414,355.935,174.003,0
388,49.4998,69.714,196.486,210.795,249.807,185.044,0
389,104.999,150.113,503.086,182.666,355.837,174.195,0
390,98.0991,137.603,216.757,525.217,139.918,611.066,0
391,55.8997,76.7637,195.225,641.496,144.704,615.839,0
392,109.899,151.092,505.666,679.533,613.167,612.821,0
393,144.1,201.789,395.742,319.758,343.278,179.963,1
394,144.1,203.929,313.205,380.906,254.967,221.89,1
395,144.1,197.597,426.907,413.847,563.911,341.976,1
396,26.4001,35.4155,270.347,213.781,252.838,183.772,0
397,94.7991,129.133,395.144,244.824,355.846,174.194,0
398,105.699,141.533,291.544,305.322,249.534,185.193,0
399,144.1,204.372,290.835,391.057,251.994,213.744,1
400,16.2,21.1447,257.076,205.006,249.848,185.135,0
401,92.6992,133.545,345.208,694.134,312.648,818.087,0
402,144.1,194.475,333.48,505.386,233.297,625.812,1
403,90.9992,131.422,347.163,695.26,312.654,818.069,0
404,104.399,148.685,355.481,681.052,312.715,818.001,0
405,131.599,178.587,522.406,229.307,647.789,191.524,0
406,108.499,148.277,472.295,602.965,613.156,612.8,0
407,144.1,203.958,374.459,606.43,319.034,785.489,1
408,29.5001,38.9506,225.574,209.263,249.517,185.124,0
409,107.499,149.625,345.878,677.122,312.738,818.091,0
410,23.6001,32.3558,283.46,191.851,252.56,184.002,0
411,144.1,203.873,341.456,537.546,221.6,625.386,1
412,0,0,609.187,816.574,609.187,816.574,0
413,144.1,15.5546,426.861,541.729,425.751,544.151,1
414,93.2991,124.859,454.505,151.05,355.854,174.11,0
415,77.1994,98.973,210.7,572.901,144.785,616.015,0
416,68.0995,90.2034,546.808,334.296,630.268,334.14,0
417,17.8,23.3911,405.308,101.405,405.941,78.1158,0
418,99.1991,133.901,472.498,157.543,355.881,174.017,0
419,144.1,204.29,458.292,338.615,374.643,174.732,1
420,26.2001,36.738,103.078,397.475,67.6928,405.253,0
421,128.699,186.828,406.48,689.701,312.648,818.046,0
422,144.1,204.77,452.699,416.729,598.544,334.437,1
423,112.599,155.614,279.426,326.514,249.482,185.154,0
424,44.7999,62.5989,200.592,673.589,149.453,693.347,0
425,48.5998,66.5302,587.502,133.425,653.45,129.993,0
426,19.4,25.6534,143.924,668.868,149.705,693.268,0
427,42.0999,54.4226,589.116,649.251,613.271,612.739,0
428,144.1,201.421,271.338,454.572,157.284,396.984,1
429,144.1,203.795,455.51,435.42,600.916,334.31,1
430,8.6,8.89492,607.299,745.489,612.232,752.412,0
431,115.599,165.899,227.317,332.953,249.542,185.101,0
432,126.799,179.415,197.954,488.244,139.91,611.121,0
433,103.499,144.822,162.542,454.074,67.7044,405.166,0
434,37.1,52.0928,599.377,703.274,612.217,752.6,0
435,87.2992,120.875,220.014,300.951,249.759,185.058,0
436,59.2997,85.4426,152.201,398.423,67.8077,405.208,0
437,46.9999,66.7423,411.668,150.975,355.875,173.976,0
438,28.4001,39.187,261.372,222.162,249.246,185.054,0
439,100.699,137.105,483.533,188.468,355.807,174.127,0
440,30.4001,40.5774,576.999,597.419,613.21,612.782,0
441,46.6999,66.1504,214.437,725.404,152.772,701.72,0
442,11.8,14.7218,601.319,607.58,613.22,612.821,0
443,54.2997,74.8023,196.66,640.212,144.786,616.028,0
444,144,201.107,479.329,318.445,630.292,334.066,0
445,0,0,648.551,192.986,648.551,192.986,0
446,104.599,140.125,559.229,555.866,613.281,612.788,0
447,21.4,28.2956,133.964,587.209,139.843,611.091,0
448,73.6994,102.775,114.616,465.093,67.7873,405.167,0
449,112.699,152.495,444.26,149.739,355.854,174.029,0
450,102.099,143.598,467.816,212.702,355.854,174.038,0
451,144.1,194.726,498.908,518.337,597.478,612.814,1
452,144.1,194.604,479.888,469.772,601.16,516.757,1
453,65.1996,90.9018,418.052,217.441,355.861,174.007,0
454,144.1,198.854,277.787,526.931,145.519,573.899,1
455,117.199,154.689,472.592,611.035,613.232,612.798,0
456,144.1,201.478,429.751,631.692,611.728,612.749,1
457,77.1994,108.013,558.597,153.093,653.466,130.015,0
458,44.3999,61.1395,615.712,240.413,635.934,282.458,0
459,142.399,198.432,502.939,409.006,630.394,334.053,0
460,144.1,208.202,349.001,417.998,328.892,231.767,1
461,103.399,147.957,482.087,645.13,613.263,612.79,0
462,15.3,19.7411,630.246,205.669,648.395,198.152,0
463,20.2,25.7144,273.656,197.846,252.849,183.788,0
464,144.1,198.533,480.582,427.071,615.126,334.163,1
465,85.8993,116.544,456.152,161.676,355.911,173.966,0
466,91.0992,126.708,249.369,667.055,149.457,693.297,0
467,144.1,204.064,491.145,250.971,356.795,174.233,1
468,23.6001,32.0636,261.286,215.023,250.485,184.838,0
469,144.1,209.178,357.754,459.68,337.084,256.648,1
470,118.299,164.267,290.385,686.04,149.454,693.341,0
471,45.0999,61.8413,589.044,656.768,613.256,612.722,0
472,144.1,206.563,349.723,353.366,345.135,178.49,1
473,97.9991,138.923,560.241,279.288,648.014,197.826,0
474,106.399,153.693,277.967,597.794,144.838,616.03,0
475,144.1,204.922,408.393,661.019,314.007,801.859,1
476,64.5996,89.1466,547.454,641.402,613.224,612.816,0
477,113.999,148.44,585.121,395.145,630.372,334.053,0
478,144.1,201.693,427.749,413.052,568.578,340.375,1
479,11.4,13.9428,616.883,331.178,630.286,334.241,0
480,144.1,200.599,420.868,392.842,584.414,335.786,1
481,70.2995,100.014,222.136,280.996,249.662,185.214,0
482,84.6993,114.973,258.478,630.283,144.82,616.026,0
483,46.0999,65.0068,566.608,342.127,630.387,334.066,0
484,92.0992,125.634,175.105,261.284,249.308,185.2,0
485,44.0999,61.5776,409.13,189.644,355.888,173.982,0
486,26.8001,36.3665,613.021,186.261,647.782,191.474,0
487,125.299,170.302,445.016,277.166,355.908,173.974,0
488,101.699,131.462,550.448,555.57,613.177,612.778,0
489,90.8992,129.541,250.792,307.417,249.882,185.123,0
490,78.9994,111.97,543.191,120.668,653.477,129.998,0
491,106.599,141.015,291.002,306.156,249.545,185.179,0
492,105.899,149.116,313.523,696.763,312.792,818.005,0
493,144.1,205.324,458.213,421.303,605.649,334.542,1
494,144.1,201.827,466.448,234.679,391.512,174.737,1
495,87.4992,120.985,469.197,174.311,355.861,174.062,0
496,101.799,141.238,177.654,440.563,67.8321,405.249,0
497,119.499,171.148,242.791,342.628,249.633,185.167,0
498,58.3997,73.6154,593.46,361.082,630.395,334.053,0
499,144.1,202.436,305.335,383.051,252.968,216.385,1
500,119.899,172.341,200.75,477.336,139.908,611.07,0
501,39.2,49.9814,143.27,561.632,139.854,611.122,0
502,31.7001,43.9436,187.723,624.219,144.807,616.032,0
503,33.5001,43.7454,111.313,403.851,67.8074,405.196,0
504,117.299,166.291,171.942,303.412,249.651,185.125,0
505,138.399,198.652,234.27,429.556,67.7771,405.215,0
506,45.0999,64.3258,589.279,130.305,653.54,129.974,0
507,144.1,204.246,455.062,422.398,603.284,334.403,1
508,48.6998,67.6581,549.476,747.838,612.308,752.362,0
509,76.6994,110.503,258.49,734.341,153.195,701.471,0
510,123.899,168.704,245.318,572.605,144.795,616.019,0
511,43.3999,60.4751,303.805,768.487,312.104,818.254,0
512,38.6,53.9659,589.92,704.26,612.302,752.303,0
513,110.299,152.104,203.881,518.713,139.922,611.115,0
514,127.399,180.373,246.73,350.71,249.533,185.109,0
515,40.5,55.6341,596.037,307.184,630.388,334.134,0
516,79.8994,114.042,260.007,296.012,249.61,185.224,0
517,71.1995,100.286,263.804,282.303,249.424,185.144,0
518,53.0998,74.5617,601.53,684.029,612.151,752.462,0
519,130.099,174.026,526.042,534.705,613.216,612.806,0
520,104.399,142.372,578.811,395.743,630.318,334.076,0
521,90.3992,114.085,308.525,252.747,349.819,174.695,0
522,131.799,188.181,453.897,714.904,612.315,752.208,0
523,10,10.5357,642.156,206.381,647.958,197.992,0
524,16.9,19.6802,601.748,601.968,613.159,612.878,0
525,144.1,198.77,271.624,519.698,141.401,582.745,1
526,70.4995,103.462,161.857,386.559,67.8037,405.244,0
527,0,0,610.01,833.573,610.01,833.573,0
528,109.099,155.129,307.927,698.904,312.76,818.062,0
529,3.6,2.95693,611.088,615.339,613.867,614.328,0
530,144.1,193.235,613.436,386.092,608.421,541.577,1
531,95.8991,135.079,199.771,386.721,67.7664,405.222,0
532,19.8,23.2938,600.524,599.676,613.222,612.704,0
533,144.1,206.057,463.662,430.727,612.751,334.005,1
534,105.799,149.416,495.674,663.953,613.173,612.78,0
535,78.2994,112.523,260.529,734.687,153.22,701.478,0
536,49.2998,65.4375,185.024,594.935,144.763,616.068,0
537,54.3997,77.9531,325.903,745.464,312.7,818.066,0
538,72.3995,102.286,516.084,628.793,613.248,612.793,0
539,79.3994,111.248,240.513,671.017,149.446,693.347,0
540,34.4,44.8184,151.285,572.025,139.866,611.179,0
541,142.399,200.122,214.92,462.483,139.928,611.145,0
542,82.8993,114.177,281.296,736.974,312.015,818.255,0
543,85.1993,114.972,163.904,375.227,67.7497,405.155,0
544,102.399,137.537,311.872,292.319,249.541,185.213,0
545,51.1998,72.3908,542.09,615.253,613.294,612.814,0
546,144.1,200.253,440.957,511.454,580.908,460.163,1
547,99.4991,126.762,527.154,572.717,613.188,612.819,0
548,64.1996,87.1167,301.239,226.944,349.866,174.79,0
549,45.5999,63.2067,132.589,557.68,139.922,611.179,0
550,111.999,156.89,532.073,445.737,615.755,540.502,0
551,101.099,143.762,521.916,391.272,630.299,334.059,0
552,17.9,23.2077,611.948,324.078,630.281,334.037,0
553,96.1991,127.638,311.686,266.793,349.784,174.693,0
554,132.099,184.249,258.682,572.345,144.793,616.038,0
555,0.6,0.142946,403.782,77.5739,403.831,77.4396,0
556,144.1,199.6,491.417,505.248,601.789,519.184,1
557,61.4996,77.7399,591.737,355.882,630.391,334.092,0
558,28.0001,37.442,616.577,200.111,648.311,198.068,0
559,27.7001,37.7956,105.359,404.435,67.7091,405.152,0
560,144.1,202.432,233.709,481.28,123.379,405.149,1
561,29.3001,37.8952,580.859,769.462,611.112,755.256,0
562,144.1,197.278,334.11,423.588,275.314,276.884,1
563,118.499,163.562,530.073,434.599,615.733,540.538,0
564,18,23.6496,140.296,644.145,139.95,620.867,0
565,22.9001,28.9935,133.278,586.858,139.892,611.17,0
566,28.9001,38.9815,604.885,584.565,613.295,612.677,0
567,125.499,170.594,291.617,605.778,144.836,616.025,0
568,89.7992,124.987,555.524,170.161,653.466,130.04,0
569,62.7996,88.7082,155.669,400.078,67.8344,405.206,0
570,96.2991,128.505,466.787,156.307,355.838,173.93,0
571,144.1,205.358,350.213,382.082,321.958,193.34,1
572,123.499,164.534,550.089,211.154,647.764,191.564,0
573,144.1,200.782,386.17,342.216,336.794,181.7,1
574,35.9,43.8841,141.011,568.847,139.926,611.117,0
575,63.0996,80.9291,588.394,355.774,630.369,334.063,0
576,2.1,1.2525,134.853,613.031,136.03,613.459,0
577,119.199,161.519,445.344,268.942,355.93,173.945,0
578,45.2999,62.0564,302.856,767.237,312.133,818.241,0
579,91.7992,131.807,452.161,222.285,355.924,174.091,0
580,17.9,22.2854,83.2701,417.208,67.8321,405.002,0
581,24.1001,33.0405,140.269,662.573,149.705,693.299,0
582,62.1996,86.8261,301.282,225.95,349.963,174.777,0
583,53.6998,74.1251,316.781,752.752,312.051,818.18,0
584,83.5993,115.148,194.442,254.959,249.635,185.246,0
585,72.3995,100.298,436.103,202.555,355.879,173.951,0
586,32.0001,43.4015,97.8037,425.412,67.7398,405.183,0
587,67.5995,92.3377,246.981,774.764,311.881,818.354,0
588,127.999,183.727,477.719,397.245,630.312,334.068,0
589,144.1,201.044,480.463,464.056,604.507,528.655,1
590,51.5998,64.7229,594.8,175.014,647.755,191.435,0
591,60.7996,86.8505,148.61,524.996,139.923,611.11,0
592,144.1,199.078,326.013,556.034,185.621,621.837,1
593,0,0,406.306,71.699,406.306,71.699,0
594,34.7,47.0255,80.8287,441.422,67.7639,405.083,0
595,123.699,171.027,309.427,717.778,312.666,818.077,0
596,93.8991,132.254,505.403,338.246,630.372,334.066,0
597,53.6998,71.5096,416.495,196.475,355.84,173.951,0
598,112.499,156.645,284.553,690.893,149.447,693.281,0
599,144.1,205.43,359.874,393.344,321.903,203.267,1
600,144.1,197.495,366.688,524.03,253.838,630.745,1
601,28.4001,37.3744,607.287,310.656,630.257,334.027,0
602,90.4992,128.111,524.007,375.101,630.357,334.057,0
603,98.3991,138.124,244.273,313.705,249.428,185.156,0
604,71.4995,95.6127,246.18,791.002,311.919,818.324,0
605,133.499,185.616,534.891,305.99,647.967,197.927,0
606,76.9994,104.549,204.457,562.767,139.925,611.096,0
607,64.5996,91.2265,563.644,122.807,653.58,129.978,0
608,68.1995,97.4455,332.882,723.386,312.692,818.043,0
609,129.399,166.115,522.557,214.838,647.808,191.563,0
610,120.199,171.76,166.802,301.212,249.554,185.238,0
611,87.0992,117.899,550.674,196.064,647.761,191.532,0
612,144.1,192.844,395.108,337.588,327.606,185.633,1
613,144.1,203.12,511.795,249.691,639.585,206.77,1
614,138.799,197.113,203.381,455.359,139.86,611.082,0
615,144.1,203.476,252.534,460.214,115.072,405.217,1
616,144.1,207.939,333.061,361.839,249.514,189.574,1
617,144.1,191.693,402.437,302.243,359.471,174.71,1
618,43.7999,60.3518,583.429,705.542,612.209,752.453,0
619,128.199,185.885,250.667,397.838,67.754,405.23,0
620,13.6,16.4651,158.281,612.369,144.816,615.8,0
621,97.7991,135.442,311.762,289.771,249.726,185.225,0
622,80.7993,110.952,558.371,156.487,653.525,130.047,0
623,98.3991,131.233,490.096,607.947,613.252,612.726,0
624,144.1,197.856,439.924,444.482,577.479,337.294,1
625,22.3,29.011,83.124,423.65,67.707,404.916,0
626,144.1,204.992,286.938,457.127,138.585,403.668,1
627,144.1,197.576,332.71,389.749,262.68,246.331,1
628,30.5001,41.4316,224.776,214.521,249.74,185.168,0
629,62.7996,90.1035,564.625,123.302,653.49,129.971,0
630,144.1,205.657,277.334,381.898,249.449,194.879,1
631,77.0994,104.072,171.256,401.789,67.7044,405.245,0
632,137.799,197.179,404.09,307.462,355.921,173.98,0
633,96.0991,130.744,580.605,382.07,630.362,334.068,0
634,70.9995,94.8177,205.824,573.069,144.745,616.249,0
635,129.899,186.201,251.42,395.777,67.7299,405.238,0
636,130.299,180.182,302.508,668.157,312.674,817.996,0
637,0,0,619.283,540.434,619.283,540.434,0
638,9.2,10.1976,639.384,203.015,648.211,197.977,0
639,137.599,191.589,298.447,346.277,249.532,185.225,0
640,144.1,200.335,488.425,462.731,605.375,531.71,1
641,5.2,5.0049,641.751,195.11,646.658,194.448,0
642,93.2991,133.932,163.09,480.331,139.913,611.052,0
643,27.4001,37.4975,616.493,132.702,653.478,130.029,0
644,107.299,139.832,310.071,297.069,249.473,185.236,0
645,144.1,199.146,392.829,329.853,339.121,181.389,1
646,69.0995,101.633,169.227,403.215,67.777,405.172,0
647,111.699,158.315,203.116,427.269,67.7281,405.239,0
648,38.9,53.5395,590.617,648.431,613.249,612.711,0
649,25.9001,33.6117,569.044,832.339,602.469,833.266,0
650,19.8,26.086,578.372,827.674,602.483,833.295,0
651,115.999,162.451,528.558,436.778,615.681,540.561,0
652,127.599,181.376,532.565,266.685,647.99,197.827,0
653,56.5997,76.7291,204.399,703.01,152.692,701.786,0
654,129.699,182.564,484.721,301.694,630.347,334.053,0
655,87.6992,126.159,527.914,123.811,653.467,130.031,0
656,88.0992,123.338,260.606,622.372,144.775,616.043,0
657,86.9992,120.891,576.905,273.411,648.036,197.824,0
658,59.4997,83.6242,571.114,132.99,653.569,129.965,0
659,140.899,195.482,495.639,442.608,615.784,540.812,0
660,89.5992,117.863,343.053,272.389,349.458,174.543,0
661,17,22.116,145.029,672.248,149.722,693.244,0
662,43.7999,60.0468,160.664,565.117,139.912,611.172,0
663,144.1,202.496,421.248,563.48,530.388,621.947,1
664,144.1,200.053,267.761,519.033,140.773,588.195,1
665,34.9,47.5823,324.015,204.499,349.907,174.667,0
666,37.5,47.4919,143.604,564.151,139.941,611.119,0
667,113.599,159.833,282.739,666.063,144.793,616.032,0
668,144.1,203.238,424.656,592.129,559.628,617.397,1
669,122.799,168.687,510.232,324.304,630.272,334.066,0
670,75.3994,102.892,163.797,412.096,67.7592,405.234,0
671,144.1,195.148,333.464,391.318,263.583,248.958,1
672,106.099,149.066,514.54,393.618,630.345,334.068,0
673,144.1,198.292,444.996,478.608,590.188,485.408,1
674,24.2001,30.3025,580.106,823.349,602.477,833.339,0
675,57.2997,81.7788,148.729,399.775,67.8042,405.203,0
676,66.3996,91.1926,569.92,142.119,653.495,130.04,0
677,28.5001,39.2498,563.234,832.866,602.436,833.329,0
678,18.3,20.9559,599.136,602.427,613.286,612.751,0
679,72.7995,91.7891,532.499,754.11,611.151,755.167,0
680,24.7001,33.5066,621.09,136.008,653.497,129.997,0
681,97.7991,129.421,393.75,236.65,355.788,174.106,0
682,27.0001,35.7413,239.891,219.094,249.417,185.204,0
683,128.999,180.998,255.643,342.403,249.539,185.122,0
684,144.1,198.175,394.074,312.673,347.361,177.951,1
685,144.1,204.11,347.205,594.492,164.844,618.456,1
686,83.3993,114.019,560.351,208.179,647.796,191.561,0
687,31.7001,43.6248,289.062,206.272,252.876,183.838,0
688,144.1,201.302,483.939,488.94,597.617,505.842,1
689,88.8992,126.712,479.908,180.642,355.94,174.124,0
690,144.1,205.704,442.724,444.735,586.79,335.776,1
691,79.1994,113.043,347.979,712.166,312.647,818.081,0
692,65.4996,87.3806,563.57,360.393,630.305,334.053,0
693,74.9994,103.527,246.166,631.691,144.753,615.92,0
694,144.1,196.759,388.529,349.824,326.055,186.909,1
695,144.1,196.75,450.053,485.06,589.284,483.004,1
696,11.7,14.3468,251.208,199.173,249.527,185.156,0
697,144.1,193.491,359.623,548.847,230.822,625.387,1
698,71.6995,98.7177,522.472,776.909,611.056,755.056,0
699,121.699,170.673,236.033,508.215,139.886,611.167,0
700,92.0992,130.455,524.81,667.945,613.214,612.783,0
701,141.699,192.173,526.339,521.642,613.182,612.807,0
702,144.1,197.792,311.316,478.435,190.25,536.995,1
703,133.699,191.917,432.526,713.584,312.647,818.03,0
704,117.799,168.766,486.139,116.572,653.531,130.025,0
705,139.999,200.546,418.937,685.458,312.648,818.045,0
706,142.7,191.204,611.816,395.362,615.678,540.587,0
707,56.5997,79.021,211.728,681.278,149.436,693.255,0
708,17.8,23.3078,246.935,208.061,249.504,185.242,0
709,46.8999,64.5087,589.175,131.55,653.471,130.005,0
710,51.7998,71.7869,316.64,755.064,312.011,818.247,0
711,83.8993,114.924,160.621,375.386,67.7362,405.158,0
712,104.799,147.395,290.165,635.724,144.757,616.036,0
713,144.1,202.838,438.107,549.287,521.57,630.819,1
714,144.1,198.633,417.722,497.635,573.684,450.59,1
715,97.2991,131.859,531.206,681.717,613.178,612.748,0
716,21.9,29.3666,147.688,664.256,149.68,693.233,0
717,100.799,138.517,491.497,645.875,613.251,612.843,0
718,120.699,170.554,282.248,580.896,144.74,616.034,0
719,22.9001,29.3413,600.323,776.983,611.136,755.245,0
720,144.1,196.873,333.043,428.149,279.968,278.78,1
721,116.099,159.847,507.462,145.312,653.531,129.97,0
722,144.1,209.669,363.593,417.285,324.238,215.117,1
723,30.5001,41.5884,292.237,194.754,252.611,183.976,0
724,82.6993,115.82,261.967,737.712,153.154,701.441,0
725,16.4,21.3228,317.942,797.598,312.599,817.968,0
726,125.299,166.51,517.565,544.143,613.192,612.827,0
727,75.2994,106.605,156.388,506.855,139.879,611.09,0
728,19.6,26.2202,142.354,585.232,139.878,611.059,0
729,144.1,201.296,349.623,565.621,197.82,623.826,1
730,81.1993,113.089,541.245,667.303,613.197,612.789,0
731,49.6998,65.7007,315.299,760.685,311.773,818.42,0
732,144.1,195.222,422.421,400.438,575.136,337.702,1
733,107.999,156.077,425.296,281.842,355.852,174.148,0
734,87.9992,126.146,518.848,717.841,612.115,752.562,0
735,78.5994,107.776,168.915,384.263,67.6942,405.168,0
736,69.2995,92.5847,559.481,362.851,630.295,334.05,0
737,38.3,51.9675,573.873,788.407,606.444,811.555,0
738,32.7001,44.3033,296.258,187.156,252.64,183.921,0
739,118.099,168.763,273.724,338.767,249.418,185.156,0
740,36.7,49.9373,189.845,697.303,152.777,701.762,0
741,144.1,204.38,479.343,505.897,581.827,617.375,1
742,122.399,162.654,470.906,619.465,613.153,612.786,0
743,47.7998,65.257,341.368,204.016,349.911,174.767,0
744,42.6999,59.1185,612.252,153.615,653.545,130.022,0
745,91.5992,131.586,196.81,389.811,67.7643,405.247,0
746,36.5,50.8754,298.327,202.085,252.966,183.833,0
747,69.1995,89.778,545.367,596.821,613.275,612.805,0
748,92.9992,124.204,107.804,484.178,67.7316,405.194,0
749,144.1,205.307,295.485,435.767,120.619,405.14,1
750,89.4992,117.211,195.597,263.76,249.156,185.075,0
751,11.9,14.6022,337.516,181.796,349.92,174.84,0
752,119.499,168.454,205.481,437.214,67.8446,405.247,0
753,109.999,154.917,174.049,338.983,67.7782,405.162,0
754,56.2997,79.8427,588.674,472.479,615.868,540.752,0
755,49.7998,61.9258,606.407,156.865,647.887,191.63,0
756,118.599,168.128,284.321,674.401,144.705,616.04,0
757,144.1,202.94,450.401,409.114,589.156,335.568,1
758,7.3,8.00344,608.481,745.71,612.052,752.789,0
759,114.799,158.946,284.998,688.268,149.451,693.309,0
760,141.499,204.09,445.199,325.076,355.868,174.003,0
761,131.899,186.199,361.207,646.626,312.676,817.952,0
762,111.099,158.897,511.884,178.982,355.805,174.104,0
763,15.4,19.7781,142.321,591.799,139.856,611.116,0
764,70.7995,99.3101,433.402,201.933,355.829,173.974,0
765,48.3998,66.0267,281.426,777.756,312.107,818.203,0
766,136.799,193.17,344.394,334.567,349.87,174.714,0
767,121.199,171.784,529.888,289.824,647.958,197.938,0
768,75.2994,104.382,224.088,285.374,249.943,185.043,0
769,127.499,167.494,516.217,206.106,647.8,191.584,0
770,37.8,52.0776,617.036,249.37,635.971,282.455,0
771,119.699,156.607,496.634,630.475,613.229,612.791,0
772,144.1,201.382,508.642,505.395,606.649,537.637,1
773,144.1,199.624,421.5,497.564,576.692,451.543,1
774,113.499,161.182,301.868,695.202,312.81,818.018,0
775,89.3992,127.04,304.154,284.474,249.965,185.042,0
776,144.1,196.475,526.433,458.883,614.643,540.556,1
777,125.099,178.335,463.714,715.856,612.335,752.209,0
778,78.7994,110.639,127.754,519.628,139.941,611.18,0
779,105.099,150.001,215.267,391.188,67.7403,405.242,0
780,102.799,144.986,517.687,390.228,630.391,334.062,0
781,114.299,159.186,507.922,147.049,653.466,129.971,0
782,128.899,179.412,519.661,434.248,615.746,540.659,0
783,45.7999,63.7462,327.661,220.091,349.885,174.751,0
784,22.6,30.9395,244.866,215.306,249.52,185.176,0
785,26.1001,32.3913,250.108,217.384,249.932,185.124,0
786,144.1,204.382,483.772,514.597,592.871,614.412,1
787,1.5,0.710116,642.177,287.302,641.934,286.634,0
788,111.199,150.212,295.818,314.625,249.746,185.202,0
789,114.899,164.741,370.164,674.8,312.738,817.965,0
790,125.399,177.003,534.292,297.201,648.027,197.833,0
791,81.2993,113.681,557.958,299.952,630.293,334.092,0
792,13.5,17.0922,154.571,677.103,149.377,693.316,0
793,72.0995,103.785,167.56,388.274,67.7346,405.151,0
794,51.9998,72.1408,418.498,149.211,355.91,173.917,0
795,144.1,199.02,478.697,537.107,609.46,612.727,1
796,131.099,179.617,529.686,491.603,615.691,540.418,0
797,77.8994,108.938,250.433,637.41,144.684,615.723,0
798,70.7995,76.1591,594.058,363.952,630.367,334.056,0
799,14.2,17.4675,243.37,200.636,249.758,185.071,0
800,144.1,206.357,333.106,362.007,249.48,192.016,1
801,63.7996,88.7861,573.017,480.349,615.61,540.411,0
802,83.6993,118.39,589.809,442.59,615.668,540.562,0
803,30.2001,40.3246,596.856,510.876,615.551,540.405,0
804,78.5994,108.369,212.105,253.092,249.73,185.149,0
805,50.8998,72.2381,582.332,124.648,653.59,129.975,0
806,92.5992,129.773,222.844,592.463,144.817,616.028,0
807,39.8,55.9938,206.001,719.959,153.17,701.52,0
808,59.1997,79.087,585.096,185.231,647.865,191.609,0
809,60.9996,86.2465,153.006,399.814,67.8307,405.178,0
810,144.1,195.15,438.872,446.386,572.949,338.609,1
811,144.1,200.193,269.241,512.798,139.853,594.527,1
812,142.7,200.497,522.405,310.418,648.054,197.826,0
813,90.2992,125.037,162.109,434.287,67.7501,405.164,0
814,144.1,196.649,378.31,481.34,543.126,444.281,1
815,51.4998,72.4765,209.99,676.503,149.458,693.366,0
816,83.5993,118.262,154,496.031,139.858,611.171,0
817,144.1,199.2,276.651,488.083,176.467,552.191,1
818,47.9998,60.7302,599.9,175.797,647.874,191.534,0
819,120.299,174.827,481.373,111.054,653.59,130.025,0
820,144.1,199.662,405.107,527.065,349.187,685.433,1
821,117.899,164.653,199.53,436.075,67.816,405.19,0
822,116.299,167.388,372.03,673.469,312.765,818.031,0
823,92.4992,131.012,280.917,294.179,249.833,185.085,0
824,94.2991,132.88,251.563,655.073,144.732,616.043,0
825,86.0993,116.844,364.03,237.57,349.789,174.732,0
826,9,9.67549,610.258,547.901,616.155,541.857,0
827,57.6997,79.9797,333.299,741.246,312.65,817.974,0
828,45.6999,59.8636,601.651,176.194,647.755,191.613,0
829,97.7991,137.197,519.732,382.98,630.394,334.062,0
830,92.9992,128.091,355.301,271.565,349.859,174.687,0
831,123.299,177.276,205.283,475.166,139.862,611.065,0
832,103.799,146.618,335.4,290.119,349.9,174.74,0
833,144.1,195.137,389.582,333.832,334.845,182.473,1
834,144.1,204.574,349.511,590.28,168.831,619.041,1
835,88.9992,121.686,166.002,430.594,67.808,405.249,0
836,138.399,195.867,471.968,542.603,613.203,612.796,0
837,110.599,145.01,581.093,396.13,630.369,334.112,0
838,32.6001,44.5478,558.261,835.314,602.455,833.329,0
839,144.1,207.798,432.381,679.187,312.537,811.458,1
840,126.499,182.332,247.277,396.7,67.7508,405.198,0
841,144.1,204.274,241.214,460.824,102.117,405.228,1
842,90.3992,126.883,480.463,178.877,355.87,174.065,0
843,81.7993,114.542,197.689,533.111,139.897,611.101,0
844,67.1995,90.5819,528.096,625.398,613.19,612.831,0
845,144.1,204.841,310.603,384.013,253.998,219.26,1
846,76.3994,100.512,560.509,371.014,630.31,334.145,0
847,60.2997,84.0044,437.254,179.76,355.872,173.98,0
848,92.0992,129.427,536.528,153.256,653.467,130.035,0
849,78.6994,109.117,250.957,636.74,144.793,616.098,0
850,125.599,164.964,519.162,207.012,647.753,191.549,0
851,106.299,154.008,500.436,119.722,653.479,130.024,0
852,53.4998,76.091,143.672,403.761,67.7289,405.194,0
853,144.1,204.635,265.018,431.772,95.2347,405.216,1
854,33.7001,47.0659,196.992,718.083,152.902,701.703,0
855,64.2996,91.6339,233.996,634.024,144.795,616.025,0
856,144.1,202.89,462.615,391.969,617.52,334.098,1
857,124.199,179.194,224.619,348.45,249.524,185.2,0
858,117.599,169.361,359.122,661.742,312.657,817.968,0
859,118.899,159.477,525.848,173.412,647.882,191.611,0
860,79.3994,110.147,253.102,631.044,144.785,616.041,0
861,144.1,203.644,368.629,620.762,313.393,804.331,1
862,144.1,205.28,452.492,442.508,596.206,334.846,1
863,51.1998,71.8268,200.007,639.808,144.779,615.87,0
864,57.5997,81.5205,555.312,720.296,612.293,752.31,0
865,80.0993,108.551,248.346,619.254,144.827,616.045,0
866,28.7001,39.4342,314.209,190.228,349.965,174.801,0
867,143.6,198.845,297.232,352.533,249.548,185.175,0
868,144.1,201.368,406.307,568.332,523.577,628.677,1
869,77.0994,105.518,252.941,763.343,311.929,818.347,0
870,144.1,199.622,434.046,457.164,566.253,341.139,1
871,56.9997,79.6381,221.38,731.261,153.645,700.425,0
872,30.6001,42.8198,559.676,833.941,602.355,833.344,0
873,81.4993,114.145,192.477,256.034,249.596,185.235,0
874,144.1,189.974,503.528,478.488,599.349,511.622,1
875,135.399,187.304,356.021,644.648,312.647,818.064,0
876,18.6,24.2218,263.988,204.562,253.065,183.582,0
877,144.1,201.382,439.564,441.492,582.066,336.13,1
878,37.5,51.6099,580.249,334.239,630.375,334.076,0
879,113.799,160.79,553.26,257.178,648.026,197.832,0
880,23.8001,32.1352,141.24,652.468,139.95,620.807,0
881,144.1,197.178,318.865,478.24,195.204,536.2,1
882,108.399,152.239,214.509,412.533,67.7067,405.241,0
883,94.3991,135.05,353.272,691.646,312.66,818.019,0
884,67.0995,93.3865,526.891,780.91,611.117,755.049,0
885,144.1,206.213,424.142,392.59,593.894,335.369,1
886,59.2997,82.8449,608.7,680.736,612.198,752.452,0
887,127.199,170.495,310.756,624.444,144.737,616.03,0
888,13.6,15.9651,599.362,606.948,613.292,612.919,0
889,13.8,18.0598,85.693,405.86,67.7579,405.151,0
890,104.699,150.674,504.669,116.672,653.544,130.015,0
891,5.1,4.93764,642.645,191.125,647.302,192.764,0
892,123.999,178.817,481.142,124.09,653.518,130.014,0
893,144.1,203.865,464.87,435.312,608.016,334.336,1
894,58.4997,80.7156,230.031,725.721,153.156,701.435,0
895,144.1,194.829,367.348,523.908,257.007,630.717,1
896,95.8991,137.564,166.841,480.663,139.906,611.189,0
897,18.2,23.8367,603.039,731.303,612.208,752.565,0
898,51.1998,72.595,329.471,747.885,312.684,818.017,0
899,9.9,11.7518,137.406,632.17,140.119,620.876,0
900,110.699,158.183,344.797,668.333,312.738,818.096,0
901,73.7994,102.797,228.262,284.393,249.813,185.036,0
902,12.8,16.0267,263.601,195.553,252.931,183.762,0
903,52.8998,72.0035,208.97,617.523,144.848,615.963,0
904,117.999,166.518,507.534,325.137,630.39,334.066,0
905,89.4992,123.685,271.946,736.61,312.028,818.169,0
906,144.1,195.762,472.122,475.273,592.119,490.404,1
907,115.199,162.128,303.035,627.231,144.849,616.026,0
908,30.5001,42.4617,110.122,404.924,67.728,405.163,0
909,136.199,195.696,241.155,365.601,67.8449,405.206,0
910,107.299,150.205,493.891,715.747,612.352,752.24,0
911,144.1,209.643,364.76,411.848,323.294,209.648,1
912,94.2991,136.72,518.167,119.391,653.476,130.023,0
913,44.6999,63.4054,231.681,245.518,249.863,185.116,0
914,144.1,210.209,368.253,370.841,340.9,179.872,1
915,144.1,204.504,348.856,544.602,211.738,625.372,1
916,9.2,10.5785,591.879,832.869,602.409,833.307,0
917,106.699,148.923,202.128,368.665,67.7916,405.152,0
918,26.5001,36.4468,617.906,217.231,648.028,197.812,0
919,125.799,181.153,276.147,351.811,249.463,185.164,0
920,144.1,197.323,484.937,469.892,602.507,521.548,1
921,139.999,190.554,497.723,548.444,613.177,612.79,0
922,114.799,149.798,471.502,606.588,613.156,612.828,0
923,112.699,161.049,513.427,682.769,612.159,752.482,0
924,144.1,192.395,498.554,478.502,600.523,514.273,1
925,144.1,200.635,479.232,532.893,607.379,612.895,1
926,144.1,58.2135,186.093,659.54,174.048,659.098,1
927,103.499,149.697,502.779,180.866,355.923,174.051,0
928,116.099,164.317,537.093,288.253,647.963,197.955,0
929,5.2,5.04859,72.8551,404.804,67.8473,405.261,0
930,57.8997,82.5252,579.563,141.79,653.587,130.028,0
931,45.5999,62.8309,612.643,236.489,647.96,197.927,0
932,99.3991,128.349,522.402,735.843,611.154,755.159,0
933,80.7993,113.397,352.944,714.644,312.668,818.051,0
934,114.299,164.463,517.761,180.977,355.903,174.032,0
935,144.1,198.305,399.703,363.582,322.373,205.681,1
936,125.899,169.88,297.772,701.302,149.453,693.378,0
937,143.2,207.088,327.876,593.118,144.745,616.037,0
938,91.9992,119.514,309.61,259.05,349.693,174.626,0
939,34.7,46.9602,595.419,504.653,615.75,540.543,0
940,123.899,168.656,464.992,650.99,613.293,612.756,0
941,0,0,652.253,197.689,652.253,197.689,0
942,84.3993,120.814,523.92,716.022,612.197,752.585,0
943,82.9993,114.876,198.221,265.785,249.812,185.076,0
944,77.7994,111.242,288.672,282.972,249.503,185.216,0
945,51.0998,69.0913,596.911,686.897,612.277,752.248,0
946,67.3995,95.88,541.234,722.745,612.377,752.302,0
947,89.1992,126.26,597.449,440.653,615.732,540.553,0
948,40,54.1733,586.157,505.6,615.719,540.538,0
949,80.9993,115.281,249.745,710.126,153.154,701.452,0
950,45.7999,64.6547,330.639,756.604,312.694,818.062,0
951,74.7994,100.885,564.716,319.619,630.279,334.07,0
952,144.1,209.747,358.343,437.37,330.026,234.971,1
953,46.8999,64.5377,309.794,761.276,312.206,818.211,0
954,26.0001,35.2943,317.268,186.452,350.472,175.016,0
955,144.1,37.2167,427.986,140.674,424.051,121.841,1
956,73.2995,101.38,533.324,355.57,630.275,334.05,0
957,144.1,190.867,477.031,490.84,585.398,472.873,1
958,116.199,165.741,230.359,394.929,67.8391,405.246,0
959,24.9001,33.9655,596.598,335.852,630.27,334.061,0
960,144.1,205.697,282.468,431.583,106.667,405.229,1
961,40.9999,54.8716,575.07,636.149,613.205,612.78,0
962,29.0001,41.0773,108.799,404.702,67.7841,405.233,0
963,86.4993,120.163,163.599,429.71,67.7427,405.242,0
964,59.4997,82.8749,319.214,744.506,312.089,818.226,0
965,121.099,167.385,463.571,640.174,613.272,612.78,0
966,144.1,203.252,471.373,514.401,565.35,617.453,1
967,8.2,9.06473,359.199,182.638,355.81,174.243,0
968,61.8996,85.734,439.285,179.196,355.898,173.993,0
969,25.4001,34.4663,593.174,724.863,612.372,752.41,0
970,101.699,139.592,605.581,434.281,615.68,540.529,0
971,56.2997,77.2699,177.427,561.486,139.87,611.063,0
972,116.499,159.906,234.272,518.486,139.93,611.179,0
973,85.1993,116.762,195.77,255.956,249.646,185.239,0
974,94.4991,127.272,355.048,266.395,349.773,174.692,0
975,73.3995,102.289,367.582,211.781,349.892,174.813,0
976,105.099,136.693,314.911,283.659,249.446,185.157,0
977,112.299,148.39,497.308,347.764,630.372,334.078,0
978,79.5994,114.547,342.917,268.295,349.88,174.838,0
979,74.4994,97.7274,546.149,588.803,613.157,612.81,0
980,113.599,150.178,472.224,606.21,613.235,612.77,0
981,70.7995,99.6724,221.435,648.926,144.666,615.627,0
982,72.1995,99.3715,221.377,278.818,249.817,185.059,0
983,59.9997,85.2601,180.844,210.167,249.814,185.099,0
984,95.4991,133.724,246.493,309.852,249.784,185.138,0
985,89.7992,122.955,222.128,599.014,144.72,616.051,0
986,30.0001,40.8967,600.438,577.61,616.275,541.872,0
987,7.5,8.40311,594.276,834.339,602.488,833.284,0
988,112.099,155.868,306.991,699.718,312.655,817.959,0
989,66.8996,90.1776,433.833,192.934,355.837,173.966,0
990,107.399,151.729,554.837,266.295,648.036,197.831,0
991,73.4995,106.458,547.719,125.881,653.462,129.993,0
992,119.899,167.421,508.869,324.738,630.285,334.079,0
993,38.8,54.3475,260.567,237.512,249.522,185.156,0
994,130.599,183.698,312.288,325.484,249.499,185.168,0
995,96.6991,132.661,281.938,304.588,249.658,185.224,0
996,42.0999,57.5519,597.364,698.114,612.251,752.554,0
997,144.1,201.63,326.129,451.105,171.145,392.891,1
998,49.4998,68.4658,545.566,617.588,613.248,612.843,0
999,12.5,15.6675,633.329,185.569,648.007,191.035,0
