sim_call,batch,evac,cost_proxy,widths
1,0,1445.8060574449555,0.0,"[0,0,0,0,0,0,0,0,0,0,0,0,0,0,0]"
2,0,1284.9491685065525,2026.1000000000001,"[2,0,2,2,0,2,4,0,2,0,0,2,0,2,0]"
3,0,1211.8755028459154,3500.3900000000003,"[2,0,4,0,2,4,2,2,0,2,0,0,2,4,4]"
4,0,1257.4184781948188,3346.7200000000007,"[4,0,2,0,4,2,4,2,0,2,4,0,0,0,0]"
5,0,1207.8746784419372,3229.8,"[2,2,4,2,0,0,2,0,0,4,0,4,2,2,4]"
6,0,1192.3493842289697,3197.51,"[4,2,4,2,0,4,4,0,0,0,0,0,2,2,2]"
7,0,1360.943332860702,4072.6300000000006,"[0,4,0,0,0,4,4,2,0,4,4,4,0,4,0]"
8,0,1222.3496951528286,3054.0200000000004,"[0,0,2,2,2,0,4,2,4,0,4,2,2,4,0]"
9,0,1200.2845611618627,3580.1800000000003,"[4,4,2,2,4,0,0,2,4,2,0,0,2,2,2]"
10,0,1173.6698697563247,3545.84,"[0,4,2,2,4,0,2,0,2,0,0,4,4,4,0]"
11,0,1351.426831614981,3977.4200000000005,"[0,4,0,2,2,2,0,2,4,4,4,4,0,2,4]"
12,0,1248.157794364885,4460.43,"[4,0,0,4,2,2,4,0,2,2,4,4,2,4,4]"
13,0,1213.5198424112295,3791.09,"[2,2,0,4,2,4,2,0,2,0,4,0,4,4,2]"
14,0,1222.327634750552,4675.170000000001,"[4,4,4,0,2,4,4,4,2,2,0,2,0,2,2]"
15,0,1243.5869513257308,2872.4400000000005,"[4,0,2,2,2,0,2,2,4,0,2,0,0,4,2]"
16,0,1242.2045311835361,4560.410000000001,"[4,4,2,0,4,4,2,4,0,4,0,2,0,0,2]"
17,0,1259.137168060929,3648.21,"[2,4,0,0,2,2,2,4,4,0,2,0,2,4,2]"
18,0,1252.3920942291722,3976.4900000000002,"[4,2,0,0,4,0,4,4,0,4,0,0,2,2,4]"
19,0,1260.9648038242622,3606.6000000000004,"[0,4,2,2,4,0,2,4,0,2,0,0,0,4,2]"
20,0,1166.7272863537848,4515.370000000001,"[4,2,2,0,2,4,4,4,4,0,2,4,4,0,2]"
21,1,1275.5773359800685,3066.6800000000003,"[4,0,2,2,2,0,2,2,4,0,2,4,0,0,4]"
22,1,1151.103058599526,4493.860000000001,"[4,2,2,0,2,4,4,4,4,0,2,0,4,4,2]"
23,1,1283.6319350199517,2026.1000000000001,"[2,0,2,2,0,2,4,0,2,0,0,2,0,2,0]"
24,1,1252.1802689947133,3976.55,"[4,0,0,4,2,2,4,0,2,2,0,4,2,4,4]"
25,1,1178.6038728756912,3566.59,"[4,2,2,4,2,4,0,2,4,0,2,0,4,0,2]"
26,1,1151.7034373797323,4892.820000000001,"[4,4,2,0,4,0,4,4,4,2,0,4,4,2,2]"
27,1,1172.249814661022,3719.7400000000002,"[0,2,2,2,2,0,4,2,4,0,4,2,4,4,2]"
28,1,1277.5791123984686,2875.6200000000003,"[0,0,2,0,0,4,4,4,4,0,2,4,2,0,0]"
29,1,1155.128984788025,4873.18,"[4,0,2,4,2,4,4,0,2,2,2,4,4,4,4]"
30,1,1271.0045514391622,4471.34,"[4,2,0,4,2,2,4,4,4,0,4,4,2,0,2]"
31,1,1283.8947851890862,2026.1000000000001,"[2,0,2,2,0,2,4,0,2,0,0,2,0,2,0]"
32,1,1284.6552178492575,2422.8300000000004,"[0,0,2,2,2,2,4,2,2,0,0,2,0,2,0]"
33,1,1430.746893799753,781.83,"[0,0,0,2,0,2,0,0,2,0,0,0,0,2,0]"
34,1,1388.0529765642407,1051.01,"[2,0,0,0,0,0,4,0,0,0,0,2,0,0,0]"
35,1,1264.2205959205169,2730.1300000000006,"[0,4,4,2,4,0,0,2,0,2,0,0,0,0,2]"
36,1,1201.03324252061,3813.9300000000003,"[4,0,2,0,4,2,4,2,4,2,4,0,2,2,0]"
37,1,1195.8965524924547,3565.370000000001,"[2,0,4,2,2,0,2,2,0,4,0,2,2,4,4]"
38,1,1202.1888948530454,3242.6400000000003,"[2,2,4,2,0,0,4,4,4,0,4,0,2,2,0]"
39,1,1187.570866333124,2291.11,"[0,4,2,0,4,0,0,0,2,0,0,0,4,2,0]"
40,1,1173.2661346188904,3682.2900000000004,"[2,4,2,2,0,0,4,0,4,2,0,4,4,4,2]"
41,2,1298.67969778606,1259.67,"[2,0,2,0,0,0,4,0,2,0,0,2,0,0,0]"
42,2,1373.7623772002673,1818.68,"[2,0,0,2,0,2,4,0,0,0,0,2,0,2,0]"
43,2,1433.5157183657761,874.6,"[0,0,0,0,0,2,0,0,2,0,0,2,0,2,0]"
44,2,1273.2337154894772,1655.45,"[2,0,2,2,0,0,4,0,2,2,0,0,0,2,0]"
45,2,1362.2351576900485,1940.9600000000003,"[2,2,0,0,0,2,4,0,2,0,2,2,0,0,0]"
46,2,1285.112136158318,1713.0900000000001,"[2,0,2,2,0,0,4,0,0,0,0,2,0,2,0]"
47,2,1370.9853734124654,1887.8100000000004,"[0,0,0,2,2,0,0,0,0,0,4,2,0,4,0]"
48,2,1250.2056908181248,2172.2900000000004,"[2,2,2,0,0,4,2,2,4,0,0,0,2,0,0]"
49,2,1232.224063683688,3363.9500000000003,"[4,2,0,2,0,4,4,0,2,0,0,2,4,4,0]"
50,2,1263.0006491928134,2968.8800000000006,"[2,0,2,0,2,2,4,4,4,0,2,0,0,2,2]"
51,2,1409.644159290243,974.2700000000001,"[0,0,0,2,0,0,2,0,2,0,0,0,0,4,0]"
52,2,1218.2769450464866,3180.8900000000003,"[0,4,2,2,4,2,0,0,2,0,0,4,2,2,0]"
53,2,1185.7600113431506,4596.63,"[4,4,2,4,0,4,4,4,4,0,0,4,4,0,2]"
54,2,1145.2586339605825,4261.490000000001,"[4,2,2,2,2,0,4,0,4,2,2,4,4,4,2]"
55,2,1363.52713443659,1354.4700000000003,"[4,0,0,0,0,0,4,0,4,0,0,2,0,0,0]"
56,2,1175.0236332516356,3545.84,"[0,4,2,2,4,0,2,0,2,0,0,4,4,4,0]"
57,2,1193.7149040896109,3215.1100000000006,"[0,4,2,2,0,0,4,0,2,2,0,4,4,4,0]"
58,2,1186.1322044197777,2140.4100000000003,"[2,4,2,0,0,0,0,0,4,0,0,0,4,2,4]"
59,2,1269.1666531629162,1870.8400000000001,"[2,2,2,0,0,0,4,0,2,0,0,2,0,2,0]"
60,2,1154.6151025947458,5360.09,"[4,4,2,2,2,2,4,4,4,4,0,4,4,2,4]"
61,3,1199.7905568271585,2117.85,"[2,4,2,0,0,0,0,2,4,0,0,0,4,2,0]"
62,3,1161.893380461423,3935.8,"[2,4,2,2,4,0,0,0,2,0,0,4,4,4,4]"
63,3,1428.1981547124715,594.25,"[0,0,0,0,0,2,0,0,2,0,0,0,0,2,0]"
64,3,1312.173472219409,347.46000000000004,"[0,0,0,0,0,0,0,0,0,0,0,0,4,0,0]"
65,3,1166.9149304219247,3462.1400000000003,"[0,2,2,2,2,0,4,0,4,0,2,4,4,4,2]"
66,3,1150.393204237477,4296.460000000001,"[4,2,2,2,2,0,4,2,2,0,4,2,4,4,2]"
67,3,1160.1421641110817,4100.27,"[2,2,2,0,2,0,4,2,0,0,4,4,4,4,2]"
68,3,1288.7598553748303,1767.1600000000003,"[0,2,2,2,0,0,4,0,4,0,0,2,0,2,0]"
69,3,1413.42708784865,391.89000000000004,"[0,0,0,0,2,0,0,0,0,0,0,0,0,0,0]"
70,3,1265.5526879215704,2354.7200000000003,"[2,2,2,0,0,0,4,0,2,0,4,2,0,2,0]"
71,3,1299.0650742368693,1259.67,"[2,0,2,0,0,0,4,0,2,0,0,2,0,0,0]"
72,3,1446.1046152443841,0.0,"[0,0,0,0,0,0,0,0,0,0,0,0,0,0,0]"
73,3,1351.2067228422695,1672.58,"[4,2,0,2,0,0,0,0,2,0,0,2,0,2,0]"
74,3,1136.8629625878589,4646.330000000001,"[4,4,2,0,2,4,4,0,0,4,2,0,4,4,2]"
75,3,1185.7242814316676,3129.84,"[2,4,2,2,0,0,4,0,2,2,0,4,4,0,2]"
76,3,1273.0113107415584,2498.0200000000004,"[2,0,2,2,0,0,4,0,4,2,0,4,0,4,0]"
77,3,1255.363503413073,3009.0200000000004,"[2,0,2,0,2,0,4,4,4,0,4,0,0,4,0]"
78,3,1166.9634608762585,3910.3800000000006,"[4,2,2,2,0,4,4,0,2,2,2,2,4,2,2]"
79,3,1217.5495999513864,1371.67,"[0,0,2,0,0,0,0,0,2,2,0,0,4,2,4]"
80,3,1373.2106666126517,991.45,"[2,4,0,0,0,0,0,0,4,0,0,0,0,0,0]"
81,4,1184.6028276853895,2698.8600000000006,"[0,0,2,0,2,0,4,0,4,0,0,4,4,4,2]"
82,4,1177.5288338836112,3365.3,"[2,2,2,2,2,4,4,0,2,0,2,2,4,0,0]"
83,4,1179.9823816565054,3347.25,"[2,4,4,0,0,0,4,2,2,0,0,4,4,2,0]"
84,4,1162.0938706475724,3313.2700000000004,"[2,2,2,0,2,0,2,2,4,0,4,0,4,4,2]"
85,4,1299.4419473758837,1660.4,"[2,2,2,0,0,0,2,2,2,0,0,2,0,0,0]"
86,4,1247.1933824869857,1765.6100000000004,"[2,0,2,0,0,4,4,0,4,0,0,0,2,0,0]"
87,4,1200.3188417833055,1917.9700000000003,"[2,2,2,0,0,0,0,2,0,0,0,0,4,2,2]"
88,4,1159.8279527638801,4596.400000000001,"[2,4,2,0,2,2,4,2,2,0,4,4,4,4,0]"
89,4,1276.9367832040348,1843.7600000000002,"[0,4,0,0,0,0,0,2,0,0,2,0,4,2,0]"
90,4,1221.307528003403,862.8200000000002,"[2,0,2,0,0,0,0,0,4,0,0,0,4,0,0]"
91,4,1363.660303024165,1217.2700000000002,"[2,4,0,0,0,0,2,0,2,0,0,0,0,0,0]"
92,4,1297.151279142782,1268.0100000000002,"[2,0,2,0,0,0,4,0,4,0,0,2,0,0,0]"
93,4,1209.0427900099253,1607.13,"[2,0,2,0,0,0,4,0,2,0,0,2,4,0,0]"
94,4,1176.9230995158905,2612.7100000000005,"[2,4,2,0,0,0,4,0,4,0,0,0,4,2,4]"
95,4,1221.4904312422775,1625.9700000000003,"[2,0,2,0,0,0,0,0,0,2,0,4,4,0,0]"
96,4,1260.3009641677977,1852.5700000000002,"[0,4,0,2,0,0,4,0,2,0,0,0,4,0,2]"
97,4,1339.160310113634,1516.96,"[4,2,0,2,2,0,0,0,4,0,0,0,0,0,0]"
98,4,1199.1914865603921,2745.7700000000004,"[0,0,2,0,0,0,4,0,0,2,2,4,4,4,2]"
99,4,1285.3295772650854,1658.8100000000004,"[2,4,2,0,0,0,0,0,0,0,4,0,0,0,0]"
100,4,1307.8857582693593,1241.2,"[0,0,0,0,0,0,0,4,4,0,0,0,4,2,0]"
101,5,1386.108598513237,1827.48,"[0,0,0,0,2,0,0,4,2,2,0,0,0,2,4]"
102,5,1240.8940023091413,547.7,"[0,0,2,0,0,0,0,0,0,0,0,0,4,0,0]"
103,5,1222.539893455407,862.8200000000002,"[2,0,2,0,0,0,0,0,4,0,0,0,4,0,0]"
104,5,1221.3937784844743,862.8200000000002,"[2,0,2,0,0,0,0,0,4,0,0,0,4,0,0]"
105,5,1258.6834430513074,1647.9100000000003,"[2,4,0,0,0,0,0,0,0,0,0,0,4,0,4]"
106,5,1328.6464734955134,492.5,"[0,0,2,0,0,0,0,0,4,0,0,0,0,2,0]"
107,5,1176.0543417934332,2884.7200000000003,"[2,4,2,0,0,0,4,0,2,0,0,2,4,2,4]"
108,5,1221.7934665478338,1251.0500000000002,"[0,0,2,0,0,0,4,0,4,2,0,0,4,0,0]"
109,5,1169.696138264903,3748.41,"[2,2,2,2,2,0,4,2,0,2,0,4,4,2,2]"
110,5,1167.0866029289634,2771.7100000000005,"[4,4,2,0,0,0,0,0,4,0,2,0,4,4,2]"
111,5,1173.8528570560472,2616.65,"[2,2,2,0,0,0,4,0,4,0,2,0,4,4,2]"
112,5,1196.902997832648,2801.2300000000005,"[4,0,2,2,2,2,0,0,0,2,0,4,4,0,0]"
113,5,1138.8002106585104,4092.8,"[4,4,2,0,2,0,4,0,4,2,4,0,4,4,2]"
114,5,1185.8795853673357,3430.7300000000005,"[2,2,2,2,0,0,2,2,4,0,2,4,4,4,2]"
115,5,1188.1186554315464,2583.6400000000003,"[2,2,2,4,0,0,4,0,0,0,0,2,4,2,0]"
116,5,1195.9165772043186,3006.4500000000003,"[2,0,2,0,4,0,0,2,2,4,4,0,4,0,2]"
117,5,1155.1775395491097,3703.1900000000005,"[4,0,2,2,2,0,4,0,2,0,2,4,4,4,2]"
118,5,1263.8073386132999,1349.17,"[2,0,0,0,0,0,4,0,4,2,0,0,4,0,0]"
119,5,1229.3581133909945,1074.6100000000001,"[0,0,4,0,0,2,0,0,4,0,0,0,4,0,0]"
120,5,1291.4329123539064,833.4000000000001,"[2,0,0,2,0,0,0,0,0,0,0,0,4,0,0]"
121,6,1445.6095748344103,0.0,"[0,0,0,0,0,0,0,0,0,0,0,0,0,0,0]"
122,6,1217.571814296421,1588.92,"[2,0,2,0,0,0,0,0,4,0,0,4,4,0,2]"
123,6,1274.3898296501854,2022.8600000000004,"[4,4,2,0,0,0,0,2,4,0,2,0,0,0,0]"
124,6,1194.8501974923536,2516.82,"[2,2,2,0,0,4,0,0,4,0,0,0,4,4,2]"
125,6,1209.672051287245,1967.2200000000003,"[0,0,2,0,0,0,0,0,4,2,4,0,4,4,2]"
126,6,1164.8233891713423,2894.2000000000003,"[4,4,2,0,0,0,2,0,2,0,2,0,4,2,4]"
127,6,1222.3744455022384,862.8200000000002,"[2,0,2,0,0,0,0,0,4,0,0,0,4,0,0]"
128,6,1170.5032692580364,2575.2000000000003,"[2,2,4,0,0,0,4,0,4,0,0,0,4,4,2]"
129,6,1229.575639571391,1515.0700000000002,"[0,0,2,0,0,0,0,0,0,0,2,4,4,0,2]"
130,6,1172.8432255058842,2687.3800000000006,"[4,4,2,0,0,0,0,0,2,0,0,0,4,4,4]"
131,6,1190.2868500476009,2292.03,"[2,0,2,0,0,0,4,0,0,2,4,0,4,2,0]"
132,6,1178.160469120298,2678.4800000000005,"[4,4,2,0,2,0,0,2,4,0,0,0,4,0,2]"
133,6,1387.7537108306833,585.0600000000001,"[4,0,0,0,0,0,0,0,0,0,0,0,0,0,0]"
134,6,1152.0743482752334,3970.0,"[4,0,2,0,2,4,4,0,0,4,2,0,4,4,2]"
135,6,1443.8618637201484,0.0,"[0,0,0,0,0,0,0,0,0,0,0,0,0,0,0]"
136,6,1168.0267516052584,3716.75,"[2,0,2,2,2,0,4,2,2,0,2,4,4,4,2]"
137,6,1216.8805940975108,1441.5200000000002,"[2,0,2,0,0,0,0,2,4,0,0,0,4,2,0]"
138,6,1203.2047256375458,1539.15,"[2,4,2,0,0,0,0,0,4,0,0,0,4,0,0]"
139,6,1238.3470882537624,1316.1100000000001,"[0,0,2,0,0,0,2,2,4,2,0,0,4,0,0]"
140,6,1216.4389789138932,2561.8500000000004,"[2,2,0,0,2,0,0,0,0,0,4,0,4,4,2]"
141,7,1282.5323077234702,1320.9,"[0,4,0,0,0,0,0,0,4,0,0,2,4,0,0]"
142,7,1221.1512548360306,1148.96,"[0,0,2,0,0,0,0,0,0,0,0,0,4,2,4]"
143,7,1203.540952824647,1849.48,"[2,4,2,0,0,2,0,0,4,0,0,0,4,0,0]"
144,7,1226.5663776864026,1642.1400000000003,"[2,4,2,0,0,0,0,0,4,0,0,0,2,2,0]"
145,7,1222.6858605602706,862.8200000000002,"[2,0,2,0,0,0,0,0,4,0,0,0,4,0,0]"
146,7,1218.886485446333,1371.67,"[0,0,2,0,0,0,0,0,2,2,0,0,4,2,4]"
147,7,1137.8077639814458,5037.6,"[4,4,2,0,4,4,4,0,0,4,2,0,4,4,2]"
148,7,1283.3354048086856,1582.46,"[0,0,0,0,2,4,2,0,0,0,0,0,4,0,0]"
149,7,1216.9729263302881,1588.92,"[2,0,2,0,0,0,0,0,4,0,0,4,4,0,2]"
150,7,1212.6666551884787,1560.9900000000002,"[2,0,2,0,0,0,0,0,4,2,4,0,4,0,0]"
151,7,1137.7037817253745,4646.330000000001,"[4,4,2,0,2,4,4,0,0,4,2,0,4,4,2]"
152,7,1148.8189329336224,4773.400000000001,"[4,2,2,2,2,0,4,4,2,4,2,2,4,4,2]"
153,7,1206.7252932001863,3462.06,"[4,4,0,2,4,0,4,0,2,0,2,0,4,0,2]"
154,7,1197.9698717818876,2905.59,"[2,0,2,0,0,0,4,2,4,0,0,4,4,4,2]"
155,7,1208.265967509976,1335.1200000000001,"[2,0,2,0,0,0,4,0,4,0,0,0,4,0,0]"
156,7,1190.7222244728473,2560.3700000000003,"[4,4,2,0,0,2,0,0,4,4,0,0,4,0,0]"
157,7,1148.1651431059977,3940.6300000000006,"[4,4,2,0,2,0,2,2,4,0,4,0,4,4,2]"
158,7,1144.1000749458162,3752.1400000000003,"[4,2,2,0,2,0,4,0,4,2,4,0,4,4,2]"
159,7,1199.8989001195082,1917.9700000000003,"[2,2,2,0,0,0,0,2,0,0,0,0,4,2,2]"
160,7,1208.0400960116672,1478.8600000000001,"[2,0,2,0,0,0,0,0,4,2,2,0,4,0,2]"
161,8,1220.954068342482,1148.96,"[0,0,2,0,0,0,0,0,0,0,0,0,4,2,4]"
162,8,1137.619252972513,4646.330000000001,"[4,4,2,0,2,4,4,0,0,4,2,0,4,4,2]"
163,8,1174.7441309323665,2858.1900000000005,"[2,2,2,2,2,0,2,2,4,0,0,0,4,4,0]"
164,8,1226.9127792744437,1192.0600000000002,"[0,0,2,0,0,0,0,0,0,0,4,0,4,0,2]"
165,8,1445.5800836557353,0.0,"[0,0,0,0,0,0,0,0,0,0,0,0,0,0,0]"
166,8,1222.0718001174826,854.4800000000001,"[2,0,2,0,0,0,0,0,2,0,0,0,4,0,0]"
167,8,1239.9562610139967,564.46,"[0,0,2,0,0,0,0,0,4,0,0,0,4,0,0]"
168,8,1159.6049909862463,3490.9800000000005,"[0,4,2,0,2,0,4,0,0,2,4,0,4,4,2]"
169,8,1272.5559237578238,2350.65,"[0,2,0,0,0,0,0,0,4,0,4,4,4,2,4]"
170,8,1237.4744090421116,2138.9500000000003,"[0,0,0,0,2,0,4,0,2,2,0,0,4,4,2]"
171,8,1155.3720452105574,3703.1900000000005,"[4,0,2,2,2,0,4,0,2,0,2,4,4,4,2]"
172,8,1155.6546770240434,3703.1900000000005,"[4,0,2,2,2,0,4,0,2,0,2,4,4,4,2]"
173,8,1167.2163280601187,3201.67,"[4,4,2,0,0,2,2,0,2,0,2,0,4,2,4]"
174,8,1194.897099394357,2847.3100000000004,"[2,2,2,0,2,0,2,0,4,0,4,0,2,4,2]"
175,8,1378.5221130669042,1791.0100000000002,"[0,0,0,0,2,4,0,0,0,0,2,0,0,4,0]"
176,8,1162.7112844092449,3257.9500000000003,"[4,4,2,0,2,0,4,0,0,4,0,0,4,0,2]"
177,8,1239.7058822337906,2881.4400000000005,"[4,4,2,0,0,0,4,0,4,2,0,0,0,4,2]"
178,8,1277.6541554416738,1835.1000000000001,"[0,0,0,4,2,0,2,0,0,0,4,0,4,0,0]"
179,8,1335.6351738945493,416.82,"[0,0,4,0,0,0,0,0,4,0,0,0,0,0,0]"
180,8,1315.0327492961171,347.46000000000004,"[0,0,0,0,0,0,0,0,0,0,0,0,4,0,0]"
181,9,1201.2485264032084,3043.26,"[2,4,2,0,4,0,0,0,4,0,0,2,2,2,4]"
182,9,1181.4305535862586,3166.32,"[4,4,2,0,0,0,4,2,0,4,0,0,4,0,2]"
183,9,1401.8717211205412,1176.97,"[0,4,0,0,0,0,0,0,4,0,4,0,0,0,0]"
184,9,1165.0932113269462,2647.2200000000003,"[4,0,2,0,2,0,4,0,0,2,0,0,4,2,2]"
185,9,1223.46855719176,939.59,"[0,0,2,0,2,0,0,0,0,0,0,0,4,0,0]"
186,9,1285.8887338208187,980.6200000000001,"[0,0,0,0,2,0,0,0,0,0,2,0,4,0,0]"
187,9,1188.2682270250564,2511.8800000000006,"[0,4,2,0,0,0,4,0,0,2,0,0,4,2,4]"
188,9,1222.3672426016326,846.0600000000001,"[2,0,2,0,0,0,0,0,0,0,0,0,4,0,0]"
189,9,1333.6218578460166,1089.4800000000002,"[0,0,2,0,0,4,0,0,0,0,0,0,0,2,0]"
190,9,1304.101508031356,673.2200000000001,"[0,0,0,0,0,0,0,0,0,0,0,0,4,0,4]"
191,9,1301.7593023962404,689.98,"[0,0,0,0,0,0,0,0,4,0,0,0,4,0,4]"
192,9,1292.2837246045087,1174.93,"[2,4,2,0,0,0,0,0,0,0,0,0,0,0,0]"
193,9,1144.986726488282,3609.11,"[4,4,4,0,0,0,4,0,4,0,2,0,4,4,4]"
194,9,1141.2502207863233,3854.66,"[4,4,2,0,2,0,2,0,4,2,4,0,4,4,2]"
195,9,1178.8515455042639,3641.7300000000005,"[4,4,2,0,2,0,4,0,0,2,4,0,2,2,2]"
196,9,1216.3195325001518,1434.3300000000002,"[0,0,2,0,0,0,0,0,4,0,0,0,4,4,4]"
197,9,1318.4567177783629,872.3600000000001,"[0,0,4,0,0,0,4,0,0,0,0,0,0,0,0]"
198,9,1254.992394012437,2003.1000000000001,"[2,2,0,0,0,0,0,2,4,0,0,0,4,4,2]"
199,9,1201.654499787316,2291.7900000000004,"[0,4,2,0,0,0,4,2,4,0,0,0,4,2,0]"
200,9,1234.5915311227693,1945.3400000000001,"[2,4,2,0,0,0,0,2,4,0,0,0,2,2,0]"
201,10,1313.589618991675,347.46000000000004,"[0,0,0,0,0,0,0,0,0,0,0,0,4,0,0]"
202,10,1312.5512821811258,347.46000000000004,"[0,0,0,0,0,0,0,0,0,0,0,0,4,0,0]"
203,10,1313.9189876238124,347.46000000000004,"[0,0,0,0,0,0,0,0,0,0,0,0,4,0,0]"
204,10,1319.9599900747432,498.6,"[2,0,2,0,0,0,0,0,0,0,0,0,0,0,0]"
205,10,1443.678695132573,280.35,"[0,0,0,0,0,0,0,0,0,0,0,2,0,0,0]"
206,10,1447.6589864084751,0.0,"[0,0,0,0,0,0,0,0,0,0,0,0,0,0,0]"
207,10,1221.7796511981203,846.0600000000001,"[2,0,2,0,0,0,0,0,0,0,0,0,4,0,0]"
208,10,1202.9247290810024,1539.15,"[2,4,2,0,0,0,0,0,4,0,0,0,4,0,0]"
209,10,1178.8034647248273,2914.1600000000003,"[0,4,2,0,2,0,4,0,0,4,2,0,4,0,2]"
210,10,1234.106516234884,2482.26,"[4,0,0,0,2,4,0,0,0,0,0,0,4,4,0]"
211,10,1215.6506593206263,3519.0700000000006,"[4,4,2,0,2,0,2,0,4,2,4,0,0,4,2]"
212,10,1203.6871397030525,1539.15,"[2,4,2,0,0,0,0,0,4,0,0,0,4,0,0]"
213,10,1222.8934675606151,1219.8200000000002,"[2,0,2,4,0,0,0,0,0,0,0,0,4,0,0]"
214,10,1226.7221515525937,1020.0,"[0,0,2,0,0,0,4,0,0,0,0,0,4,0,0]"
215,10,1272.7250653243939,1819.58,"[2,4,2,0,0,0,4,0,0,0,0,0,0,0,2]"
216,10,1198.9501833134154,2117.85,"[2,4,2,0,0,0,0,2,4,0,0,0,4,2,0]"
217,10,1208.0125665903706,1335.1200000000001,"[2,0,2,0,0,0,4,0,4,0,0,0,4,0,0]"
218,10,1201.125106848427,1539.15,"[2,4,2,0,0,0,0,0,4,0,0,0,4,0,0]"
219,10,1171.7155796147379,2775.6200000000003,"[4,4,4,0,0,0,0,0,4,4,0,0,4,0,4]"
220,10,1189.4853399906822,2103.7400000000002,"[2,0,2,0,0,0,4,0,0,0,2,0,4,4,0]"
221,11,1421.905910591667,752.6500000000001,"[0,0,0,0,0,0,4,0,0,0,0,2,0,0,0]"
222,11,1330.6695193339951,717.73,"[0,0,2,0,0,0,0,2,0,2,0,0,0,0,0]"
223,11,1263.2683465332495,1785.4,"[4,2,4,0,0,0,0,0,4,0,0,0,0,2,2]"
224,11,1185.5524519435273,2675.6400000000003,"[2,2,2,0,0,0,4,2,4,0,0,0,4,4,2]"
225,11,1139.9516518463004,3237.0300000000007,"[4,2,4,0,2,0,4,0,0,0,0,0,4,4,2]"
226,11,1167.3049099637421,3476.1900000000005,"[2,4,2,0,0,2,4,0,4,2,2,0,4,4,2]"
227,11,1139.3727936559378,4687.460000000001,"[4,4,2,0,2,4,4,0,2,2,4,0,4,4,2]"
228,11,1138.2466871923675,4092.8,"[4,4,2,0,2,0,4,0,4,2,4,0,4,4,2]"
229,11,1187.4064595191312,2140.4100000000003,"[2,4,2,0,0,0,0,0,4,0,0,0,4,2,4]"
230,11,1191.2699558427353,2099.07,"[2,4,2,0,0,0,2,0,4,0,0,0,4,0,4]"
231,11,1156.56086005388,3247.34,"[2,2,4,0,2,0,4,0,0,0,0,4,4,2,2]"
232,11,1211.8472026980494,2776.7700000000004,"[2,0,2,0,0,4,0,4,4,0,0,0,4,4,2]"
233,11,1200.342546942413,1601.0900000000001,"[0,4,4,0,0,0,0,0,4,0,0,0,4,0,2]"
234,11,1200.6380805768802,1916.5400000000002,"[0,2,2,0,0,0,4,0,4,0,0,0,4,4,0]"
235,11,1242.5721738337825,1377.9700000000003,"[2,0,2,2,0,0,2,0,2,0,0,0,2,2,0]"
236,11,1179.73462901821,2376.1200000000003,"[4,4,2,0,0,0,0,0,0,0,2,0,4,0,4]"
237,11,1177.3298578055053,3170.82,"[2,2,4,0,0,0,4,4,4,0,0,0,4,4,2]"
238,11,1159.1579250136724,2943.9600000000005,"[2,2,4,4,0,0,4,0,4,0,0,0,4,4,2]"
239,11,1250.555638153497,3060.2200000000003,"[0,4,2,0,2,4,4,0,0,0,0,0,0,4,2]"
240,11,1266.3937187303775,1356.71,"[4,0,0,0,0,0,0,0,0,4,0,0,4,0,0]"
