step,time,alive
0,0,49379
1,1,49300
2,2,49197
3,3,49071
4,4,48955
5,5,48837
6,6,48738
7,7,48632
8,8,48534
9,9,48437
10,10,48343
11,11,48254
12,12,48179
13,13,48079
14,14,48007
15,15,47933
16,16,47854
17,17,47783
18,18,47712
19,19,47641
20,20,47572
21,21,47498
22,22,47424
23,23,47353
24,24,47288
25,25,47220
26,26,47147
27,27,47083
28,28,47010
29,29,46942
30,30,46879
31,31,46812
32,32,46741
33,33,46675
34,34,46606
35,35,46539
36,36,46474
37,37,46412
38,38,46336
39,39,46262
40,40,46195
41,41,46133
42,42,46059
43,43,45989
44,44,45919
45,45,45852
46,46,45785
47,47,45716
48,48,45643
49,49,45573
50,50,45505
51,51,45428
52,52,45364
53,53,45290
54,54,45231
55,55,45160
56,56,45085
57,57,45019
58,58,44953
59,59,44879
60,60,44815
61,61,44741
62,62,44670
63,63,44593
64,64,44525
65,65,44456
66,66,44387
67,67,44306
68,68,44245
69,69,44162
70,70,44090
71,71,44025
72,72,43957
73,73,43882
74,74,43809
75,75,43739
76,76,43666
77,77,43600
78,78,43524
79,79,43460
80,80,43390
81,81,43316
82,82,43241
83,83,43178
84,84,43110
85,85,43027
86,86,42967
87,87,42885
88,88,42814
89,89,42741
90,90,42671
91,91,42598
92,92,42531
93,93,42461
94,94,42389
95,95,42315
96,96,42245
97,97,42176
98,98,42107
99,99,42029
100,100,41966
101,101,41889
102,102,41815
103,103,41744
104,104,41671
105,105,41607
106,106,41542
107,107,41475
108,108,41404
109,109,41334
110,110,41280
111,111,41207
112,112,41134
113,113,41065
114,114,41001
115,115,40931
116,116,40868
117,117,40802
118,118,40734
119,119,40668
120,120,40599
121,121,40528
122,122,40455
123,123,40392
124,124,40333
125,125,40270
126,126,40195
127,127,40129
128,128,40061
129,129,39992
130,130,39930
131,131,39860
132,132,39789
133,133,39723
134,134,39658
135,135,39591
136,136,39528
137,137,39464
138,138,39397
139,139,39335
140,140,39271
141,141,39208
142,142,39140
143,143,39062
144,144,39005
145,145,38938
146,146,38873
147,147,38813
148,148,38747
149,149,38693
150,150,38627
151,151,38566
152,152,38500
153,153,38436
154,154,38375
155,155,38316
156,156,38254
157,157,38190
158,158,38126
159,159,38068
160,160,38012
161,161,37955
162,162,37890
163,163,37836
164,164,37777
165,165,37726
166,166,37665
167,167,37602
168,168,37541
169,169,37479
170,170,37419
171,171,37360
172,172,37307
173,173,37254
174,174,37193
175,175,37131
176,176,37072
177,177,37023
178,178,36968
179,179,36910
180,180,36854
181,181,36801
182,182,36745
183,183,36690
184,184,36635
185,185,36571
186,186,36514
187,187,36458
188,188,36404
189,189,36350
190,190,36293
191,191,36238
192,192,36178
193,193,36128
194,194,36069
195,195,36012
196,196,35960
197,197,35902
198,198,35847
199,199,35793
200,200,35739
201,201,35679
202,202,35625
203,203,35566
204,204,35512
205,205,35464
206,206,35400
207,207,35351
208,208,35297
209,209,35243
210,210,35192
211,211,35139
212,212,35078
213,213,35023
214,214,34970
215,215,34920
216,216,34868
217,217,34812
218,218,34758
219,219,34706
220,220,34653
221,221,34597
222,222,34550
223,223,34494
224,224,34437
225,225,34390
226,226,34336
227,227,34276
228,228,34236
229,229,34178
230,230,34125
231,231,34068
232,232,34018
233,233,33960
234,234,33912
235,235,33862
236,236,33803
237,237,33752
238,238,33697
239,239,33639
240,240,33585
241,241,33536
242,242,33480
243,243,33424
244,244,33368
245,245,33312
246,246,33262
247,247,33208
248,248,33154
249,249,33103
250,250,33051
251,251,32996
252,252,32945
253,253,32885
254,254,32834
255,255,32783
256,256,32730
257,257,32675
258,258,32619
259,259,32569
260,260,32512
261,261,32461
262,262,32413
263,263,32361
264,264,32308
265,265,32249
266,266,32208
267,267,32149
268,268,32096
269,269,32042
270,270,31986
271,271,31935
272,272,31884
273,273,31831
274,274,31774
275,275,31721
276,276,31677
277,277,31625
278,278,31571
279,279,31519
280,280,31468
281,281,31422
282,282,31373
283,283,31324
284,284,31272
285,285,31217
286,286,31168
287,287,31115
288,288,31074
289,289,31023
290,290,30977
291,291,30918
292,292,30870
293,293,30818
294,294,30769
295,295,30724
296,296,30676
297,297,30626
298,298,30576
299,299,30532
300,300,30483
301,301,30436
302,302,30396
303,303,30348
304,304,30301
305,305,30253
306,306,30203
307,307,30162
308,308,30115
309,309,30066
310,310,30018
311,311,29967
312,312,29918
313,313,29876
314,314,29826
315,315,29778
316,316,29726
317,317,29688
318,318,29642
319,319,29598
320,320,29549
321,321,29498
322,322,29450
323,323,29404
324,324,29356
325,325,29311
326,326,29266
327,327,29220
328,328,29173
329,329,29124
330,330,29073
331,331,29030
332,332,28981
333,333,28938
334,334,28888
335,335,28844
336,336,28796
337,337,28752
338,338,28705
339,339,28661
340,340,28617
341,341,28566
342,342,28521
343,343,28478
344,344,28435
345,345,28386
346,346,28339
347,347,28294
348,348,28249
349,349,28199
350,350,28153
351,351,28111
352,352,28062
353,353,28013
354,354,27966
355,355,27923
356,356,27883
357,357,27834
358,358,27786
359,359,27746
360,360,27702
361,361,27653
362,362,27614
363,363,27566
364,364,27526
365,365,27481
366,366,27439
367,367,27389
368,368,27344
369,369,27299
370,370,27256
371,371,27207
372,372,27167
373,373,27123
374,374,27076
375,375,27036
376,376,26991
377,377,26946
378,378,26904
379,379,26857
380,380,26813
381,381,26769
382,382,26727
383,383,26678
384,384,26636
385,385,26594
386,386,26553
387,387,26507
388,388,26463
389,389,26418
390,390,26370
391,391,26330
392,392,26289
393,393,26240
394,394,26195
395,395,26153
396,396,26107
397,397,26061
398,398,26017
399,399,25967
400,400,25931
401,401,25889
402,402,25846
403,403,25801
404,404,25758
405,405,25708
406,406,25666
407,407,25629
408,408,25587
409,409,25537
410,410,25495
411,411,25453
412,412,25405
413,413,25364
414,414,25319
415,415,25276
416,416,25233
417,417,25189
418,418,25150
419,419,25107
420,420,25063
421,421,25024
422,422,24982
423,423,24934
424,424,24888
425,425,24846
426,426,24806
427,427,24759
428,428,24716
429,429,24668
430,430,24626
431,431,24581
432,432,24540
433,433,24499
434,434,24457
435,435,24416
436,436,24377
437,437,24332
438,438,24286
439,439,24246
440,440,24200
441,441,24163
442,442,24123
443,443,24074
444,444,24036
445,445,23988
446,446,23947
447,447,23909
448,448,23864
449,449,23819
450,450,23777
451,451,23740
452,452,23695
453,453,23648
454,454,23607
455,455,23571
456,456,23526
457,457,23479
458,458,23439
459,459,23395
460,460,23351
461,461,23314
462,462,23269
463,463,23233
464,464,23190
465,465,23156
466,466,23112
467,467,23075
468,468,23026
469,469,22988
470,470,22946
471,471,22901
472,472,22861
473,473,22818
474,474,22782
475,475,22741
476,476,22702
477,477,22667
478,478,22626
479,479,22590
480,480,22550
481,481,22513
482,482,22469
483,483,22433
484,484,22394
485,485,22360
486,486,22320
487,487,22283
488,488,22242
489,489,22212
490,490,22175
491,491,22139
492,492,22101
493,493,22066
494,494,22024
495,495,21994
496,496,21949
497,497,21914
498,498,21871
499,499,21837
500,500,21798
501,501,21764
502,502,21720
503,503,21689
504,504,21647
505,505,21609
506,506,21574
507,507,21539
508,508,21502
509,509,21460
510,510,21426
511,511,21386
512,512,21350
513,513,21316
514,514,21279
515,515,21240
516,516,21201
517,517,21162
518,518,21127
519,519,21086
520,520,21052
521,521,21016
522,522,20972
523,523,20938
524,524,20899
525,525,20864
526,526,20829
527,527,20786
528,528,20752
529,529,20712
530,530,20677
531,531,20639
532,532,20602
533,533,20569
534,534,20532
535,535,20499
536,536,20458
537,537,20421
538,538,20383
539,539,20347
540,540,20313
541,541,20275
542,542,20241
543,543,20202
544,544,20168
545,545,20132
546,546,20092
547,547,20055
548,548,20023
549,549,19985
550,550,19947
551,551,19915
552,552,19875
553,553,19838
554,554,19804
555,555,19759
556,556,19729
557,557,19690
558,558,19653
559,559,19624
560,560,19584
561,561,19547
562,562,19511
563,563,19478
564,564,19444
565,565,19402
566,566,19370
567,567,19333
568,568,19295
569,569,19260
570,570,19223
571,571,19187
572,572,19149
573,573,19116
574,574,19077
575,575,19042
576,576,19009
577,577,18973
578,578,18942
579,579,18910
580,580,18874
581,581,18838
582,582,18803
583,583,18767
584,584,18738
585,585,18702
586,586,18668
587,587,18635
588,588,18603
589,589,18573
590,590,18539
591,591,18501
592,592,18464
593,593,18430
594,594,18393
595,595,18359
596,596,18327
597,597,18290
598,598,18256
599,599,18222
600,600,18184
601,601,18157
602,602,18118
603,603,18089
604,604,18053
605,605,18023
606,606,17990
607,607,17960
608,608,17924
609,609,17895
610,610,17863
611,611,17830
612,612,17798
613,613,17770
614,614,17736
615,615,17705
616,616,17671
617,617,17642
618,618,17608
619,619,17576
620,620,17550
621,621,17516
622,622,17479
623,623,17448
624,624,17419
625,625,17391
626,626,17358
627,627,17325
628,628,17294
629,629,17263
630,630,17234
631,631,17201
632,632,17168
633,633,17136
634,634,17103
635,635,17076
636,636,17041
637,637,17013
638,638,16978
639,639,16951
640,640,16916
641,641,16884
642,642,16850
643,643,16822
644,644,16792
645,645,16757
646,646,16726
647,647,16696
648,648,16662
649,649,16635
650,650,16602
651,651,16566
652,652,16540
653,653,16508
654,654,16478
655,655,16448
656,656,16416
657,657,16385
658,658,16352
659,659,16323
660,660,16289
661,661,16260
662,662,16224
663,663,16193
664,664,16164
665,665,16131
666,666,16097
667,667,16066
668,668,16039
669,669,16003
670,670,15970
671,671,15939
672,672,15908
673,673,15884
674,674,15852
675,675,15825
676,676,15790
677,677,15761
678,678,15736
679,679,15702
680,680,15670
681,681,15643
682,682,15612
683,683,15586
684,684,15557
685,685,15527
686,686,15497
687,687,15461
688,688,15436
689,689,15401
690,690,15370
691,691,15337
692,692,15306
693,693,15273
694,694,15243
695,695,15210
696,696,15178
697,697,15148
698,698,15117
699,699,15087
700,700,15058
701,701,15025
702,702,14998
703,703,14966
704,704,14940
705,705,14913
706,706,14888
707,707,14855
708,708,14827
709,709,14798
710,710,14770
711,711,14747
712,712,14715
713,713,14689
714,714,14661
715,715,14631
716,716,14604
717,717,14572
718,718,14545
719,719,14517
720,720,14491
721,721,14467
722,722,14435
723,723,14412
724,724,14378
725,725,14352
726,726,14324
727,727,14297
728,728,14274
729,729,14243
730,730,14218
731,731,14188
732,732,14159
733,733,14135
734,734,14109
735,735,14078
736,736,14053
737,737,14026
738,738,13997
739,739,13975
740,740,13948
741,741,13919
742,742,13891
743,743,13863
744,744,13838
745,745,13806
746,746,13784
747,747,13754
748,748,13729
749,749,13698
750,750,13671
751,751,13644
752,752,13615
753,753,13587
754,754,13560
755,755,13534
756,756,13510
757,757,13481
758,758,13451
759,759,13427
760,760,13403
761,761,13375
762,762,13344
763,763,13320
764,764,13297
765,765,13270
766,766,13244
767,767,13217
768,768,13188
769,769,13165
770,770,13138
771,771,13113
772,772,13081
773,773,13063
774,774,13034
775,775,13009
776,776,12984
777,777,12959
778,778,12926
779,779,12906
780,780,12882
781,781,12853
782,782,12827
783,783,12803
784,784,12775
785,785,12748
786,786,12721
787,787,12701
788,788,12670
789,789,12646
790,790,12621
791,791,12595
792,792,12568
793,793,12546
794,794,12524
795,795,12494
796,796,12470
797,797,12441
798,798,12419
799,799,12393
800,800,12371
801,801,12345
802,802,12316
803,803,12289
804,804,12262
805,805,12244
806,806,12219
807,807,12194
808,808,12165
809,809,12141
810,810,12120
811,811,12095
812,812,12074
813,813,12051
814,814,12025
815,815,12000
816,816,11973
817,817,11947
818,818,11924
819,819,11898
820,820,11873
821,821,11852
822,822,11824
823,823,11800
824,824,11776
825,825,11746
826,826,11724
827,827,11698
828,828,11671
829,829,11645
830,830,11619
831,831,11599
832,832,11573
833,833,11553
834,834,11527
835,835,11504
836,836,11477
837,837,11456
838,838,11433
839,839,11406
840,840,11381
841,841,11354
842,842,11331
843,843,11307
844,844,11285
845,845,11259
846,846,11235
847,847,11210
848,848,11183
849,849,11162
850,850,11139
851,851,11111
852,852,11087
853,853,11069
854,854,11047
855,855,11022
856,856,10995
857,857,10970
858,858,10949
859,859,10925
860,860,10899
861,861,10882
862,862,10853
863,863,10830
864,864,10809
865,865,10778
866,866,10757
867,867,10736
868,868,10710
869,869,10686
870,870,10664
871,871,10636
872,872,10615
873,873,10594
874,874,10566
875,875,10538
876,876,10519
877,877,10496
878,878,10468
879,879,10448
880,880,10427
881,881,10405
882,882,10378
883,883,10354
884,884,10337
885,885,10309
886,886,10281
887,887,10261
888,888,10235
889,889,10212
890,890,10191
891,891,10170
892,892,10150
893,893,10131
894,894,10107
895,895,10085
896,896,10063
897,897,10039
898,898,10017
