generation,evaluation,sim_call,cached,fitness,evac,cost,widths
1,9,8,1,2290.5006279116874,2290.5006279116874,0.0,"[0,0,0,0,0,0,0,0,0,0,0,0,0,0,0,0]"
1,9,8,0,2284.2972655458784,2284.2972655458784,0.0,"[0,0,0,0,0,0,0,0,0,0,2,0,0,0,0,0]"
1,9,8,0,2033.369630688838,1977.757630688838,556.1200000000001,"[0,0,2,0,0,0,0,0,2,0,2,0,0,4,0,0]"
1,9,8,0,2026.1468181136968,1950.5528181136967,755.94,"[0,0,4,0,0,0,0,0,2,0,4,0,0,4,0,0]"
1,9,8,0,2262.001678758679,1894.0306787586792,3679.71,"[4,4,4,0,2,0,2,0,4,0,2,0,4,4,4,0]"
1,9,8,0,2268.2279587207067,2240.6779587207066,275.5,"[0,0,0,0,0,0,0,0,0,0,0,0,0,0,2,0]"
1,9,8,0,2320.019320019444,2277.600320019444,424.19000000000005,"[0,0,0,0,0,0,0,0,0,4,2,0,0,0,0,0]"
1,9,8,0,2115.266758247767,1998.2807582477672,1169.8600000000001,"[0,0,2,0,0,4,0,0,2,0,2,0,0,4,0,0]"
2,17,12,1,2026.1468181136968,1950.5528181136967,755.94,"[0,0,4,0,0,0,0,0,2,0,4,0,0,4,0,0]"
2,17,12,1,2033.369630688838,1977.757630688838,556.1200000000001,"[0,0,2,0,0,0,0,0,2,0,2,0,0,4,0,0]"
2,17,12,0,2257.287261369619,2081.372261369619,1759.15,"[0,0,2,0,0,4,0,0,2,4,2,0,0,2,0,4]"
2,17,12,0,2118.4379108086764,2001.4519108086763,1169.8600000000001,"[0,0,2,0,0,4,0,0,2,0,0,0,0,4,0,0]"
2,17,12,0,2076.98861623833,1962.0366162383298,1149.5200000000002,"[4,0,2,0,0,0,0,0,4,0,2,0,0,4,0,0]"
2,17,12,1,2115.266758247767,1998.2807582477672,1169.8600000000001,"[0,0,2,0,0,4,0,0,2,0,2,0,0,4,0,0]"
2,17,12,1,2033.369630688838,1977.757630688838,556.1200000000001,"[0,0,2,0,0,0,0,0,2,0,2,0,0,4,0,0]"
2,17,12,0,2066.564852363401,1967.5548523634009,990.1,"[0,0,4,0,0,0,2,0,2,0,4,0,0,4,0,0]"
3,25,18,1,2026.1468181136968,1950.5528181136967,755.94,"[0,0,4,0,0,0,0,0,2,0,4,0,0,4,0,0]"
3,25,18,1,2033.369630688838,1977.757630688838,556.1200000000001,"[0,0,2,0,0,0,0,0,2,0,2,0,0,4,0,0]"
3,25,18,0,2058.5320999574733,1919.3440999574734,1391.88,"[0,0,4,0,0,0,0,0,0,0,4,0,4,4,0,2]"
3,25,18,0,2232.8319958079346,2144.332995807935,884.99,"[0,4,2,0,0,0,0,0,2,0,2,0,0,0,0,0]"
3,25,18,0,2263.6456301111857,2182.6316301111856,810.1400000000001,"[0,0,2,0,0,0,0,4,2,0,4,0,0,0,0,0]"
3,25,18,0,2106.2805128194746,2018.1015128194745,881.79,"[2,0,4,0,0,0,0,0,2,0,2,0,0,2,0,0]"
3,25,18,0,2131.8715724699305,1957.7485724699307,1741.23,"[4,0,4,0,2,0,0,0,4,0,2,0,0,4,0,0]"
3,25,18,0,2100.6002308362195,1988.4262308362192,1121.7400000000002,"[0,0,2,0,0,0,0,0,2,0,4,4,0,4,0,0]"
4,33,23,1,2026.1468181136968,1950.5528181136967,755.94,"[0,0,4,0,0,0,0,0,2,0,4,0,0,4,0,0]"
4,33,23,1,2033.369630688838,1977.757630688838,556.1200000000001,"[0,0,2,0,0,0,0,0,2,0,2,0,0,4,0,0]"
4,33,23,1,2033.369630688838,1977.757630688838,556.1200000000001,"[0,0,2,0,0,0,0,0,2,0,2,0,0,4,0,0]"
4,33,23,0,2148.5512648738404,2002.8102648738404,1457.41,"[0,2,2,0,0,0,0,0,2,0,2,4,0,4,0,0]"
4,33,23,0,2144.1647434630263,2080.5417434630263,636.23,"[0,0,0,0,0,0,0,0,2,0,2,2,0,4,0,0]"
4,33,23,0,2108.017362796727,2072.4293627967268,355.88000000000005,"[0,0,0,0,0,0,0,0,2,0,4,0,0,4,0,0]"
4,33,23,0,2102.238750592381,1986.0947505923812,1161.4400000000003,"[0,0,2,0,0,4,0,0,0,0,2,0,0,4,0,0]"
4,33,23,0,2103.686261133726,1990.6782611337262,1130.0800000000002,"[0,0,2,0,0,0,0,0,4,0,4,4,0,4,0,0]"
5,41,28,1,2026.1468181136968,1950.5528181136967,755.94,"[0,0,4,0,0,0,0,0,2,0,4,0,0,4,0,0]"
5,41,28,1,2033.369630688838,1977.757630688838,556.1200000000001,"[0,0,2,0,0,0,0,0,2,0,2,0,0,4,0,0]"
5,41,28,0,2024.0216181217977,1948.4276181217977,755.94,"[0,0,4,0,0,0,0,0,2,0,2,0,0,4,0,0]"
5,41,28,1,2033.369630688838,1977.757630688838,556.1200000000001,"[0,0,2,0,0,0,0,0,2,0,2,0,0,4,0,0]"
5,41,28,0,2033.6751721791265,1978.0631721791265,556.1200000000001,"[0,0,2,0,0,0,0,0,2,0,4,0,0,4,0,0]"
5,41,28,0,2104.9759969622714,1968.8499969622712,1361.2600000000002,"[0,0,4,0,0,4,0,0,0,0,2,0,0,4,0,0]"
5,41,28,0,2059.4555989145624,1919.4255989145622,1400.3000000000002,"[0,0,4,0,0,0,0,0,2,0,4,0,4,4,0,2]"
5,41,28,0,2091.4021292707134,1989.1211292707133,1022.8100000000001,"[0,0,2,2,0,0,0,0,2,0,4,2,0,4,0,0]"
6,49,34,1,2024.0216181217977,1948.4276181217977,755.94,"[0,0,4,0,0,0,0,0,2,0,2,0,0,4,0,0]"
6,49,34,1,2026.1468181136968,1950.5528181136967,755.94,"[0,0,4,0,0,0,0,0,2,0,4,0,0,4,0,0]"
6,49,34,0,2031.4333111507146,1931.7123111507146,997.21,"[0,0,4,0,0,0,0,0,2,0,0,0,2,4,0,0]"
6,49,34,0,2126.5129467374136,1992.5849467374135,1339.2800000000002,"[0,0,2,0,4,0,0,0,2,0,2,0,0,4,0,0]"
6,49,34,0,2069.1905790838027,1951.1775790838028,1180.13,"[0,0,4,0,0,0,0,0,2,4,2,0,0,4,0,0]"
6,49,34,0,2063.272239296853,1972.978239296853,902.94,"[0,0,2,2,0,0,0,0,2,0,2,0,0,4,0,2]"
6,49,34,0,2042.7499884969013,1939.6059884969013,1031.4400000000003,"[0,0,4,0,0,0,0,0,2,0,4,0,0,4,2,0]"
6,49,34,0,2084.0568972821907,1969.2738972821905,1147.8300000000002,"[0,0,4,0,2,0,0,0,2,0,2,0,0,4,0,0]"
7,57,38,1,2024.0216181217977,1948.4276181217977,755.94,"[0,0,4,0,0,0,0,0,2,0,2,0,0,4,0,0]"
7,57,38,1,2026.1468181136968,1950.5528181136967,755.94,"[0,0,4,0,0,0,0,0,2,0,4,0,0,4,0,0]"
7,57,38,1,2026.1468181136968,1950.5528181136967,755.94,"[0,0,4,0,0,0,0,0,2,0,4,0,0,4,0,0]"
7,57,38,0,2177.0382843834177,2106.3542843834175,706.8400000000001,"[2,0,4,0,0,0,0,0,2,0,4,0,0,0,0,0]"
7,57,38,0,2026.3195301051098,1950.7255301051098,755.94,"[0,0,4,0,0,0,0,0,2,0,0,0,0,4,0,0]"
7,57,38,0,2134.4274212753894,1991.6374212753894,1427.9,"[0,0,4,4,0,0,0,2,2,0,2,0,0,4,0,0]"
7,57,38,0,2031.309187046863,1931.588187046863,997.21,"[0,0,4,0,0,0,0,0,2,0,4,0,2,4,0,0]"
7,57,38,1,2026.1468181136968,1950.5528181136967,755.94,"[0,0,4,0,0,0,0,0,2,0,4,0,0,4,0,0]"
8,65,41,1,2024.0216181217977,1948.4276181217977,755.94,"[0,0,4,0,0,0,0,0,2,0,2,0,0,4,0,0]"
8,65,41,1,2026.1468181136968,1950.5528181136967,755.94,"[0,0,4,0,0,0,0,0,2,0,4,0,0,4,0,0]"
8,65,41,0,2109.000635542596,1947.9056355425955,1610.95,"[0,0,4,0,0,4,0,0,2,0,2,0,2,4,0,0]"
8,65,41,1,2026.1468181136968,1950.5528181136967,755.94,"[0,0,4,0,0,0,0,0,2,0,4,0,0,4,0,0]"
8,65,41,1,2031.4333111507146,1931.7123111507146,997.21,"[0,0,4,0,0,0,0,0,2,0,0,0,2,4,0,0]"
8,65,41,1,2024.0216181217977,1948.4276181217977,755.94,"[0,0,4,0,0,0,0,0,2,0,2,0,0,4,0,0]"
8,65,41,0,2082.2361912071447,1953.7181912071446,1285.1800000000003,"[0,0,4,4,0,0,0,0,2,0,4,0,0,4,0,2]"
8,65,41,0,2132.1773789891467,1969.3513789891465,1628.2600000000002,"[2,0,4,0,0,0,0,0,4,0,4,4,0,4,0,0]"
